Gr_ID,Full Name,Email,Phone Number,Course,Branch,Registration Date,College,Field
GR0001,Ishaan Trivedi,ishaan.trivedi85@example.com,+91 7342605719,AI/ML & Data Science,RW8 - Dindoli,2026-02-25,L.D. College of Engineering,MCA
GR0002,Ramesh Gupta,ramesh.gupta87@example.com,+91 6952863125,Graphic | UI/UX,RW7 - Vesu,2026-02-15,VNSGU,B.Tech Computer Science
GR0003,Tara Desai,tara.desai18@example.com,+91 6321094881,Graphic | UI/UX,RW4 - Mota Varachha,2026-02-23,DDU,MCA
GR0004,Sai Shah,sai.shah43@example.com,+91 9269715764,Full Stack Development,RW5 - Ved Road,2026-02-14,Marwadi University,Diploma in IT
GR0005,Riya Mehta,riya.mehta26@example.com,+91 7470816306,Graphic | UI/UX,RWA1 - Nikol,2026-02-12,VNSGU,B.Sc IT
GR0006,Diya Verma,diya.verma28@example.com,+91 9027654010,Video Editing | 3D Animation,RWBH1 - Bharuch,2026-02-02,Marwadi University,M.Sc IT
GR0007,Vikram Vyas,vikram.vyas55@example.com,+91 9027417412,Full Stack Development,RW6 - Adajan,2026-02-23,RK University,B.Tech Computer Science
GR0008,Krishna Shah,krishna.shah82@example.com,+91 9254143323,AI/ML & Data Science,RW5 - Ved Road,2026-02-27,SVNIT,BBA
GR0009,Shaurya Sharma,shaurya.sharma62@example.com,+91 8562238172,AI/ML & Data Science,RWVN1 - Vidhyanagar,2026-02-10,DDU,M.Sc IT
GR0010,Sneha Shah,sneha.shah26@example.com,+91 7829507390,Graphic | Video Editing,RW2 - Yogi Chowk,2026-02-26,L.D. College of Engineering,M.Sc IT
GR0011,Sai Chauhan,sai.chauhan42@example.com,+91 7844579907,Graphic | UI/UX,RWA5 - Chandkheda,2026-02-28,MSU Baroda,B.Tech Computer Science
GR0012,Ishaan Mehta,ishaan.mehta89@example.com,+91 6863516748,Graphic | Video Editing,RW6 - Adajan,2026-02-20,RK University,B.Com
GR0013,Maya Patel,maya.patel31@example.com,+91 7025750253,Graphic | Video Editing,RWA1 - Nikol,2026-02-24,RK University,M.Sc IT
GR0014,Kriti Joshi,kriti.joshi25@example.com,+91 7861617077,Full Stack Development,RWNV1 - Navshari,2026-02-18,VNSGU,BCA
GR0015,Riya Joshi,riya.joshi34@example.com,+91 7853438092,Graphic | UI/UX,RW2 - Yogi Chowk,2026-02-06,MSU Baroda,Diploma in IT
GR0016,Sneha Patel,sneha.patel50@example.com,+91 9426423102,Graphic | UI/UX,RW7 - Vesu,2026-02-11,RK University,BCA
GR0017,Ishaan Rathod,ishaan.rathod10@example.com,+91 8351631689,Full Stack Development,RW8 - Dindoli,2026-02-03,Marwadi University,B.Tech Computer Science
GR0018,Vikram Kumar,vikram.kumar75@example.com,+91 7362611521,Graphic | UI/UX,RWGN1 - Gandhinagar,2026-02-26,DDU,B.Com
GR0019,Vihaan Singh,vihaan.singh52@example.com,+91 8599055101,Graphic | Video Editing,RWAM1 - Amreli,2026-02-03,Silver Oak University,MCA
GR0020,Kriti Joshi,kriti.joshi70@example.com,+91 7791080176,Graphic | UI/UX,RW5 - Ved Road,2026-02-01,MSU Baroda,B.Tech Computer Science
GR0021,Diya Singh,diya.singh55@example.com,+91 8654752798,AI/ML & Data Science,RWGN1 - Gandhinagar,2026-02-12,Nirma University,B.Sc IT
GR0022,Pooja Chauhan,pooja.chauhan67@example.com,+91 9441854684,Video Editing | 3D Animation,RW6 - Adajan,2026-02-15,MSU Baroda,BCA
GR0023,Tara Shah,tara.shah69@example.com,+91 7140302968,Graphic | UI/UX,RW5 - Ved Road,2026-02-06,Nirma University,BBA
GR0024,Vihaan Rathod,vihaan.rathod81@example.com,+91 9250154590,Video Editing | 3D Animation,RWA1 - Nikol,2026-02-14,L.D. College of Engineering,BBA
GR0025,Kriti Parmar,kriti.parmar35@example.com,+91 9010752195,AI/ML & Data Science,RW7 - Vesu,2026-02-23,SVNIT,MCA
GR0026,Vikram Shah,vikram.shah48@example.com,+91 9667348343,AI/ML & Data Science,RWMH - Maheshana,2026-02-27,Silver Oak University,B.Tech Computer Science
GR0027,Tara Singh,tara.singh32@example.com,+91 7101280059,Graphic | UI/UX,RWJN1 - Junagadh,2026-02-20,Gujarat University,B.Tech Computer Science
GR0028,Arjun Chauhan,arjun.chauhan16@example.com,+91 7320379761,Graphic | UI/UX,RWA5 - Chandkheda,2026-02-02,SVNIT,B.Com
GR0029,Vihaan Chauhan,vihaan.chauhan19@example.com,+91 7478853962,Graphic | UI/UX,RW5 - Ved Road,2026-02-16,Nirma University,B.Tech Computer Science
GR0030,Pooja Sharma,pooja.sharma69@example.com,+91 6866462130,Video Editing | 3D Animation,RWMH - Maheshana,2026-02-20,Gujarat University,BCA
GR0031,Riya Trivedi,riya.trivedi66@example.com,+91 6356915684,Graphic | Video Editing,RWR1 - Kotecha,2026-02-20,DDU,B.Sc IT
GR0032,Maya Singh,maya.singh80@example.com,+91 9354194617,Video Editing | 3D Animation,RW7 - Vesu,2026-02-16,VNSGU,Diploma in IT
GR0033,Arjun Parmar,arjun.parmar69@example.com,+91 6969280346,AI/ML & Data Science,RW7 - Vesu,2026-02-02,Silver Oak University,B.Tech Computer Science
GR0034,Tara Sharma,tara.sharma58@example.com,+91 9985212434,AI/ML & Data Science,RW5 - Ved Road,2026-02-17,RK University,MCA
GR0035,Shaurya Trivedi,shaurya.trivedi44@example.com,+91 6232770195,Video Editing | 3D Animation,RWJN1 - Junagadh,2026-02-27,L.D. College of Engineering,B.Tech Computer Science
GR0036,Maya Patel,maya.patel94@example.com,+91 7690324815,AI/ML & Data Science,RWGN1 - Gandhinagar,2026-02-14,L.D. College of Engineering,B.Tech Computer Science
GR0037,Arjun Trivedi,arjun.trivedi78@example.com,+91 7448519094,Video Editing | 3D Animation,RWBH1 - Bharuch,2026-02-24,L.D. College of Engineering,MCA
GR0038,Amit Patel,amit.patel94@example.com,+91 6146131717,Graphic | Video Editing,RWVN1 - Vidhyanagar,2026-02-14,L.D. College of Engineering,BBA
GR0039,Amit Shah,amit.shah74@example.com,+91 6609537157,Graphic | Video Editing,RW8 - Dindoli,2026-02-21,Silver Oak University,B.Com
GR0040,Sneha Sharma,sneha.sharma61@example.com,+91 7641448732,Graphic | Video Editing,RWJN1 - Junagadh,2026-02-19,Marwadi University,Diploma in IT
GR0041,Vivaan Kumar,vivaan.kumar32@example.com,+91 7040603516,Full Stack Development,RW1 - A.K Road,2026-02-05,Marwadi University,BCA
GR0042,Krishna Mehta,krishna.mehta18@example.com,+91 8657510730,Video Editing | 3D Animation,RW8 - Dindoli,2026-02-17,VNSGU,BBA
GR0043,Tara Verma,tara.verma21@example.com,+91 9160168338,Video Editing | 3D Animation,RWR2 - Mavdi,2026-02-01,VNSGU,MCA
GR0044,Suresh Desai,suresh.desai82@example.com,+91 7401484409,Graphic | UI/UX,RW2 - Yogi Chowk,2026-02-24,SVNIT,BCA
GR0045,Ramesh Verma,ramesh.verma24@example.com,+91 7698327303,Full Stack Development,RWA1 - Nikol,2026-02-17,MSU Baroda,MCA
GR0046,Pooja Gupta,pooja.gupta98@example.com,+91 6932047997,Full Stack Development,RW5 - Ved Road,2026-02-13,Marwadi University,B.Sc IT
GR0047,Kavya Joshi,kavya.joshi63@example.com,+91 9474077512,Video Editing | 3D Animation,RW5 - Ved Road,2026-02-25,L.D. College of Engineering,BBA
GR0048,Diya Vyas,diya.vyas52@example.com,+91 9822188797,Graphic | Video Editing,RWVN1 - Vidhyanagar,2026-02-09,VNSGU,Diploma in IT
GR0049,Suresh Verma,suresh.verma57@example.com,+91 8993125203,AI/ML & Data Science,RWA1 - Nikol,2026-02-09,Nirma University,MCA
GR0050,Aditya Desai,aditya.desai54@example.com,+91 6667091574,Video Editing | 3D Animation,RW8 - Dindoli,2026-02-18,RK University,M.Sc IT
GR0051,Aditya Verma,aditya.verma69@example.com,+91 9567549561,Video Editing | 3D Animation,RWA5 - Chandkheda,2026-02-28,MSU Baroda,B.Sc IT
GR0052,Diya Shah,diya.shah86@example.com,+91 8089282064,Video Editing | 3D Animation,RW6 - Adajan,2026-02-06,MSU Baroda,MCA
GR0053,Ramesh Desai,ramesh.desai67@example.com,+91 7141336032,Full Stack Development,RWR1 - Kotecha,2026-02-07,Gujarat University,B.Tech Computer Science
GR0054,Vihaan Chauhan,vihaan.chauhan67@example.com,+91 8625192750,AI/ML & Data Science,RWA6 - Vastral,2026-02-22,Silver Oak University,B.Tech Computer Science
GR0055,Diya Singh,diya.singh47@example.com,+91 8352876121,Video Editing | 3D Animation,RWA5 - Chandkheda,2026-02-15,RK University,B.Com
GR0056,Amit Trivedi,amit.trivedi37@example.com,+91 8110539652,AI/ML & Data Science,RWAM1 - Amreli,2026-02-11,RK University,B.Com
GR0057,Aditya Verma,aditya.verma95@example.com,+91 9927829374,Full Stack Development,RW7 - Vesu,2026-02-28,Nirma University,M.Sc IT
GR0058,Vivaan Singh,vivaan.singh55@example.com,+91 9380807046,Video Editing | 3D Animation,RWVN1 - Vidhyanagar,2026-02-08,MSU Baroda,B.Com
GR0059,Krishna Parmar,krishna.parmar52@example.com,+91 9623390813,Graphic | UI/UX,RW7 - Vesu,2026-02-20,VNSGU,BCA
GR0060,Sneha Shah,sneha.shah48@example.com,+91 6936049978,Full Stack Development,RWAM1 - Amreli,2026-02-17,Silver Oak University,Diploma in IT
GR0061,Arjun Sharma,arjun.sharma30@example.com,+91 9921390377,Graphic | Video Editing,RWA6 - Vastral,2026-02-17,DDU,B.Tech Computer Science
GR0062,Shaurya Verma,shaurya.verma45@example.com,+91 7104183626,AI/ML & Data Science,RWBH1 - Bharuch,2026-02-17,MSU Baroda,MCA
GR0063,Aditya Kumar,aditya.kumar15@example.com,+91 9988505368,Video Editing | 3D Animation,RW6 - Adajan,2026-02-18,RK University,BBA
GR0064,Arjun Singh,arjun.singh92@example.com,+91 7567657149,Full Stack Development,RW4 - Mota Varachha,2026-02-04,Marwadi University,B.Sc IT
GR0065,Diya Vyas,diya.vyas37@example.com,+91 7019249275,Video Editing | 3D Animation,RWA4 - Bopal,2026-02-25,DDU,B.Com
GR0066,Amit Sharma,amit.sharma24@example.com,+91 6880463039,Graphic | UI/UX,RW1 - A.K Road,2026-02-08,Silver Oak University,BCA
GR0067,Vikram Desai,vikram.desai69@example.com,+91 7181930836,AI/ML & Data Science,RWR2 - Mavdi,2026-02-23,Nirma University,M.Sc IT
GR0068,Vivaan Mehta,vivaan.mehta51@example.com,+91 7424593680,Graphic | UI/UX,RWJN1 - Junagadh,2026-02-25,Gujarat University,Diploma in IT
GR0069,Vihaan Chauhan,vihaan.chauhan77@example.com,+91 7720931991,AI/ML & Data Science,RWR1 - Kotecha,2026-02-17,MSU Baroda,M.Sc IT
GR0070,Maya Vyas,maya.vyas57@example.com,+91 8319270396,Graphic | UI/UX,RW8 - Dindoli,2026-02-28,Gujarat University,MCA
GR0071,Riya Gupta,riya.gupta69@example.com,+91 8194393159,AI/ML & Data Science,RWA1 - Nikol,2026-02-20,MSU Baroda,BBA
GR0072,Suresh Chauhan,suresh.chauhan83@example.com,+91 9457858292,Video Editing | 3D Animation,RWGN1 - Gandhinagar,2026-02-25,Marwadi University,Diploma in IT
GR0073,Ayaan Trivedi,ayaan.trivedi30@example.com,+91 6117605172,Video Editing | 3D Animation,RWA1 - Nikol,2026-02-22,Nirma University,M.Sc IT
GR0074,Neha Verma,neha.verma24@example.com,+91 9910105516,Graphic | Video Editing,RWA5 - Chandkheda,2026-02-20,RK University,B.Sc IT
GR0075,Sneha Verma,sneha.verma41@example.com,+91 9659512189,Full Stack Development,RWMH - Maheshana,2026-02-18,MSU Baroda,BCA
GR0076,Isha Gupta,isha.gupta74@example.com,+91 7601198153,Graphic | Video Editing,RWA6 - Vastral,2026-02-12,MSU Baroda,B.Com
GR0077,Tara Trivedi,tara.trivedi20@example.com,+91 6391327711,Graphic | Video Editing,RWA3 - Maninagar,2026-02-02,RK University,B.Tech Computer Science
GR0078,Ishaan Singh,ishaan.singh67@example.com,+91 7827220992,AI/ML & Data Science,RWGN1 - Gandhinagar,2026-02-01,Nirma University,B.Com
GR0079,Arjun Rathod,arjun.rathod69@example.com,+91 8625899173,Graphic | UI/UX,RW5 - Ved Road,2026-02-24,Nirma University,M.Sc IT
GR0080,Pooja Sharma,pooja.sharma19@example.com,+91 6262188465,Video Editing | 3D Animation,RWA2 - Navrangpura,2026-02-21,RK University,MCA
GR0081,Ishaan Singh,ishaan.singh23@example.com,+91 6834360260,Graphic | Video Editing,RWSON - Online,2026-02-10,Marwadi University,Diploma in IT
GR0082,Kriti Sharma,kriti.sharma51@example.com,+91 6383420828,Full Stack Development,RWBN - Bhavnagar,2026-02-17,Nirma University,M.Sc IT
GR0083,Tara Kumar,tara.kumar62@example.com,+91 9239374886,Full Stack Development,RWA2 - Navrangpura,2026-02-24,DDU,MCA
GR0084,Isha Desai,isha.desai29@example.com,+91 7025867432,Full Stack Development,RW5 - Ved Road,2026-02-20,Nirma University,M.Sc IT
GR0085,Diya Trivedi,diya.trivedi72@example.com,+91 8899354735,Full Stack Development,RWA2 - Navrangpura,2026-02-17,DDU,Diploma in IT
GR0086,Suresh Kumar,suresh.kumar60@example.com,+91 6646879754,Full Stack Development,RWBN - Bhavnagar,2026-02-05,VNSGU,B.Tech Computer Science
GR0087,Sai Chauhan,sai.chauhan66@example.com,+91 7700496217,AI/ML & Data Science,RWGN1 - Gandhinagar,2026-02-26,SVNIT,B.Tech Computer Science
GR0088,Isha Mehta,isha.mehta75@example.com,+91 9518838618,AI/ML & Data Science,RW4 - Mota Varachha,2026-02-06,Gujarat University,Diploma in IT
GR0089,Vivaan Chauhan,vivaan.chauhan57@example.com,+91 6728004967,Graphic | UI/UX,RWJN1 - Junagadh,2026-02-25,DDU,MCA
GR0090,Isha Trivedi,isha.trivedi77@example.com,+91 9435015432,Video Editing | 3D Animation,RW1 - A.K Road,2026-02-08,L.D. College of Engineering,B.Sc IT
GR0091,Pooja Verma,pooja.verma14@example.com,+91 6512021678,Full Stack Development,RWVN1 - Vidhyanagar,2026-02-15,Gujarat University,B.Sc IT
GR0092,Maya Shah,maya.shah11@example.com,+91 7742370839,Graphic | Video Editing,RW2 - Yogi Chowk,2026-02-08,Silver Oak University,B.Sc IT
GR0093,Riya Verma,riya.verma59@example.com,+91 8516330944,Full Stack Development,RWR2 - Mavdi,2026-02-19,SVNIT,B.Com
GR0094,Vihaan Joshi,vihaan.joshi48@example.com,+91 7837920243,Graphic | Video Editing,RWA6 - Vastral,2026-02-20,MSU Baroda,BBA
GR0095,Aditya Trivedi,aditya.trivedi62@example.com,+91 8160163395,AI/ML & Data Science,RWBH1 - Bharuch,2026-02-01,L.D. College of Engineering,B.Tech Computer Science
GR0096,Ramesh Patel,ramesh.patel91@example.com,+91 8618878893,Video Editing | 3D Animation,RW8 - Dindoli,2026-02-07,Gujarat University,MCA
GR0097,Maya Chauhan,maya.chauhan62@example.com,+91 8885906026,Graphic | Video Editing,RWA2 - Navrangpura,2026-02-07,MSU Baroda,B.Tech Computer Science
GR0098,Kavya Rathod,kavya.rathod85@example.com,+91 8053783739,Full Stack Development,RWA6 - Vastral,2026-02-06,Silver Oak University,BBA
GR0099,Suresh Parmar,suresh.parmar33@example.com,+91 7386551948,AI/ML & Data Science,RWMH - Maheshana,2026-02-28,L.D. College of Engineering,B.Com
GR0100,Aditya Mehta,aditya.mehta91@example.com,+91 9133857281,Graphic | UI/UX,RWBN - Bhavnagar,2026-02-16,MSU Baroda,M.Sc IT
GR0101,Arjun Joshi,arjun.joshi95@example.com,+91 6794549153,Full Stack Development,RWA6 - Vastral,2026-02-16,Silver Oak University,B.Tech Computer Science
GR0102,Ayaan Desai,ayaan.desai77@example.com,+91 6943706028,Video Editing | 3D Animation,RWA6 - Vastral,2026-02-18,L.D. College of Engineering,B.Tech Computer Science
GR0103,Riya Trivedi,riya.trivedi40@example.com,+91 9310625494,Video Editing | 3D Animation,RWA2 - Navrangpura,2026-02-04,VNSGU,BCA
GR0104,Ishaan Gupta,ishaan.gupta41@example.com,+91 6414381588,Full Stack Development,RW2 - Yogi Chowk,2026-02-04,SVNIT,BBA
GR0105,Isha Rathod,isha.rathod45@example.com,+91 9303832932,Graphic | UI/UX,RWNV1 - Navshari,2026-02-25,MSU Baroda,B.Com
GR0106,Shaurya Joshi,shaurya.joshi50@example.com,+91 9051551575,Video Editing | 3D Animation,RW7 - Vesu,2026-02-27,Marwadi University,Diploma in IT
GR0107,Vikram Patel,vikram.patel78@example.com,+91 8905248979,Graphic | UI/UX,RWBN - Bhavnagar,2026-02-15,Nirma University,B.Com
GR0108,Neha Patel,neha.patel43@example.com,+91 7909689789,Graphic | Video Editing,RWVN1 - Vidhyanagar,2026-02-16,DDU,M.Sc IT
GR0109,Vikram Kumar,vikram.kumar36@example.com,+91 6733019364,Full Stack Development,RWMH - Maheshana,2026-02-02,Silver Oak University,Diploma in IT
GR0110,Vihaan Verma,vihaan.verma92@example.com,+91 6795898041,Graphic | UI/UX,RWJN1 - Junagadh,2026-02-14,Gujarat University,M.Sc IT
GR0111,Ramesh Mehta,ramesh.mehta62@example.com,+91 6904811115,AI/ML & Data Science,RW4 - Mota Varachha,2026-02-25,VNSGU,BBA
GR0112,Vivaan Shah,vivaan.shah32@example.com,+91 6662653857,AI/ML & Data Science,RWR2 - Mavdi,2026-02-06,SVNIT,B.Tech Computer Science
GR0113,Kriti Singh,kriti.singh82@example.com,+91 9648063122,Full Stack Development,RWA1 - Nikol,2026-02-03,Nirma University,BBA
GR0114,Isha Trivedi,isha.trivedi88@example.com,+91 9284586597,Full Stack Development,RWA5 - Chandkheda,2026-02-07,DDU,B.Tech Computer Science
GR0115,Aditya Verma,aditya.verma53@example.com,+91 7901329336,Video Editing | 3D Animation,RW1 - A.K Road,2026-02-12,DDU,BBA
GR0116,Amit Sharma,amit.sharma35@example.com,+91 8675684190,Graphic | UI/UX,RWA5 - Chandkheda,2026-02-20,Marwadi University,M.Sc IT
GR0117,Vivaan Patel,vivaan.patel35@example.com,+91 6059667996,Graphic | UI/UX,RW7 - Vesu,2026-02-11,DDU,B.Tech Computer Science
GR0118,Pooja Joshi,pooja.joshi90@example.com,+91 9031673330,Full Stack Development,RWBN - Bhavnagar,2026-02-09,RK University,BBA
GR0119,Kavya Parmar,kavya.parmar85@example.com,+91 9777261322,Graphic | UI/UX,RWA1 - Nikol,2026-02-03,RK University,B.Sc IT
GR0120,Ayaan Vyas,ayaan.vyas57@example.com,+91 9892313989,Graphic | UI/UX,RW4 - Mota Varachha,2026-02-02,Nirma University,MCA
GR0121,Diya Patel,diya.patel56@example.com,+91 6887996583,AI/ML & Data Science,RWA5 - Chandkheda,2026-02-25,MSU Baroda,BBA
GR0122,Pooja Trivedi,pooja.trivedi60@example.com,+91 6657621270,Full Stack Development,RWJN1 - Junagadh,2026-02-15,L.D. College of Engineering,BCA
GR0123,Diya Shah,diya.shah56@example.com,+91 6380138140,Full Stack Development,RW6 - Adajan,2026-02-10,VNSGU,MCA
GR0124,Vikram Kumar,vikram.kumar76@example.com,+91 8232376687,Graphic | Video Editing,RWA3 - Maninagar,2026-02-01,DDU,B.Com
GR0125,Krishna Trivedi,krishna.trivedi91@example.com,+91 7316062553,Full Stack Development,RWA5 - Chandkheda,2026-02-03,Nirma University,MCA
GR0126,Ramesh Trivedi,ramesh.trivedi20@example.com,+91 7960670550,Video Editing | 3D Animation,RW4 - Mota Varachha,2026-02-24,SVNIT,BCA
GR0127,Sai Patel,sai.patel85@example.com,+91 6706253281,Graphic | Video Editing,RWJN1 - Junagadh,2026-02-12,MSU Baroda,BBA
GR0128,Vihaan Rathod,vihaan.rathod48@example.com,+91 7567263660,Full Stack Development,RWGN1 - Gandhinagar,2026-02-07,Gujarat University,M.Sc IT
GR0129,Suresh Shah,suresh.shah68@example.com,+91 8073611373,Full Stack Development,RW2 - Yogi Chowk,2026-02-21,VNSGU,MCA
GR0130,Ayaan Chauhan,ayaan.chauhan44@example.com,+91 8378667119,Video Editing | 3D Animation,RW8 - Dindoli,2026-02-02,L.D. College of Engineering,B.Sc IT
GR0131,Isha Patel,isha.patel81@example.com,+91 8405219578,Graphic | Video Editing,RW4 - Mota Varachha,2026-02-18,RK University,M.Sc IT
GR0132,Kriti Parmar,kriti.parmar76@example.com,+91 7037020406,Video Editing | 3D Animation,RWA3 - Maninagar,2026-02-02,Silver Oak University,BCA
GR0133,Diya Patel,diya.patel69@example.com,+91 9989062793,Video Editing | 3D Animation,RWNV1 - Navshari,2026-02-08,VNSGU,BBA
GR0134,Amit Singh,amit.singh13@example.com,+91 6033545838,AI/ML & Data Science,RWAM1 - Amreli,2026-02-19,L.D. College of Engineering,M.Sc IT
GR0135,Aditya Desai,aditya.desai33@example.com,+91 7622445850,Full Stack Development,RW4 - Mota Varachha,2026-02-19,Gujarat University,Diploma in IT
GR0136,Vikram Trivedi,vikram.trivedi21@example.com,+91 7816942917,Graphic | Video Editing,RW6 - Adajan,2026-02-10,RK University,Diploma in IT
GR0137,Aarav Desai,aarav.desai24@example.com,+91 6344715976,Full Stack Development,RWVN1 - Vidhyanagar,2026-02-01,RK University,MCA
GR0138,Ishaan Singh,ishaan.singh63@example.com,+91 8775967961,Video Editing | 3D Animation,RWR1 - Kotecha,2026-02-14,VNSGU,Diploma in IT
GR0139,Vihaan Singh,vihaan.singh42@example.com,+91 6787061733,AI/ML & Data Science,RWA6 - Vastral,2026-02-16,DDU,B.Com
GR0140,Amit Sharma,amit.sharma83@example.com,+91 7066538072,Full Stack Development,RWA5 - Chandkheda,2026-02-22,RK University,MCA
GR0141,Sai Singh,sai.singh53@example.com,+91 8007040526,Full Stack Development,RWA6 - Vastral,2026-02-18,DDU,MCA
GR0142,Rahul Joshi,rahul.joshi46@example.com,+91 6974726934,Video Editing | 3D Animation,RWAM1 - Amreli,2026-02-18,Silver Oak University,B.Com
GR0143,Kriti Desai,kriti.desai23@example.com,+91 6598677185,Graphic | UI/UX,RWBH1 - Bharuch,2026-02-03,Nirma University,B.Com
GR0144,Kriti Rathod,kriti.rathod16@example.com,+91 9511882488,Graphic | UI/UX,RW8 - Dindoli,2026-02-04,SVNIT,B.Com
GR0145,Pooja Kumar,pooja.kumar51@example.com,+91 6009254559,AI/ML & Data Science,RWA5 - Chandkheda,2026-02-01,SVNIT,BBA
GR0146,Aditya Chauhan,aditya.chauhan28@example.com,+91 9223236465,Video Editing | 3D Animation,RWJN1 - Junagadh,2026-02-14,L.D. College of Engineering,B.Sc IT
GR0147,Ramesh Vyas,ramesh.vyas33@example.com,+91 8982988830,Video Editing | 3D Animation,RWMH - Maheshana,2026-02-15,VNSGU,B.Sc IT
GR0148,Aditya Rathod,aditya.rathod54@example.com,+91 8008666075,Graphic | Video Editing,RWMH - Maheshana,2026-02-24,MSU Baroda,M.Sc IT
GR0149,Sai Parmar,sai.parmar10@example.com,+91 7577761731,Full Stack Development,RWR1 - Kotecha,2026-02-25,DDU,Diploma in IT
GR0150,Ramesh Rathod,ramesh.rathod57@example.com,+91 6409551591,Graphic | Video Editing,RW1 - A.K Road,2026-02-02,VNSGU,M.Sc IT
GR0151,Vivaan Mehta,vivaan.mehta74@example.com,+91 7360769789,AI/ML & Data Science,RWSON - Online,2026-02-09,Nirma University,BBA
GR0152,Kriti Singh,kriti.singh76@example.com,+91 9843348101,AI/ML & Data Science,RW2 - Yogi Chowk,2026-02-25,Nirma University,B.Sc IT
GR0153,Ramesh Gupta,ramesh.gupta19@example.com,+91 6446663716,Full Stack Development,RWA2 - Navrangpura,2026-02-10,SVNIT,BCA
GR0154,Kriti Chauhan,kriti.chauhan34@example.com,+91 6830040937,Full Stack Development,RW5 - Ved Road,2026-02-22,Nirma University,Diploma in IT
GR0155,Aarav Joshi,aarav.joshi89@example.com,+91 6379286617,AI/ML & Data Science,RW5 - Ved Road,2026-02-13,RK University,B.Tech Computer Science
GR0156,Vivaan Vyas,vivaan.vyas44@example.com,+91 7407914143,Graphic | UI/UX,RWR2 - Mavdi,2026-02-27,Marwadi University,B.Com
GR0157,Amit Chauhan,amit.chauhan24@example.com,+91 9270050082,Full Stack Development,RW5 - Ved Road,2026-02-22,Marwadi University,B.Com
GR0158,Pooja Parmar,pooja.parmar75@example.com,+91 8526376111,Video Editing | 3D Animation,RWA4 - Bopal,2026-02-08,DDU,Diploma in IT
GR0159,Kavya Patel,kavya.patel89@example.com,+91 9255141551,Full Stack Development,RW7 - Vesu,2026-02-28,Nirma University,BCA
GR0160,Isha Shah,isha.shah38@example.com,+91 7503633630,Video Editing | 3D Animation,RWA3 - Maninagar,2026-02-09,SVNIT,Diploma in IT
GR0161,Vivaan Shah,vivaan.shah57@example.com,+91 8017718692,Full Stack Development,RWA1 - Nikol,2026-02-28,Silver Oak University,B.Tech Computer Science
GR0162,Amit Parmar,amit.parmar12@example.com,+91 6192575465,Video Editing | 3D Animation,RW4 - Mota Varachha,2026-02-25,Nirma University,BCA
GR0163,Kavya Patel,kavya.patel18@example.com,+91 6546425793,Video Editing | 3D Animation,RW7 - Vesu,2026-02-26,Nirma University,MCA
GR0164,Vikram Trivedi,vikram.trivedi65@example.com,+91 7236933318,AI/ML & Data Science,RWVN1 - Vidhyanagar,2026-02-16,SVNIT,BCA
GR0165,Pooja Chauhan,pooja.chauhan23@example.com,+91 7191828592,Full Stack Development,RWA5 - Chandkheda,2026-02-10,Silver Oak University,M.Sc IT
GR0166,Krishna Rathod,krishna.rathod61@example.com,+91 7126606246,Full Stack Development,RWNV1 - Navshari,2026-02-03,SVNIT,Diploma in IT
GR0167,Vihaan Sharma,vihaan.sharma80@example.com,+91 8723521549,Video Editing | 3D Animation,RW1 - A.K Road,2026-02-16,Silver Oak University,MCA
GR0168,Maya Chauhan,maya.chauhan18@example.com,+91 7353662494,Graphic | Video Editing,RWVN1 - Vidhyanagar,2026-02-16,Nirma University,M.Sc IT
GR0169,Kriti Patel,kriti.patel22@example.com,+91 9346190917,Video Editing | 3D Animation,RW8 - Dindoli,2026-02-11,SVNIT,B.Com
GR0170,Isha Sharma,isha.sharma11@example.com,+91 6542555731,Graphic | Video Editing,RWNV1 - Navshari,2026-02-21,DDU,B.Tech Computer Science
GR0171,Sai Kumar,sai.kumar27@example.com,+91 7483299797,Video Editing | 3D Animation,RWBH1 - Bharuch,2026-02-21,Nirma University,Diploma in IT
GR0172,Isha Joshi,isha.joshi36@example.com,+91 8732692015,Full Stack Development,RW5 - Ved Road,2026-02-25,RK University,B.Tech Computer Science
GR0173,Tara Shah,tara.shah71@example.com,+91 8176901738,Video Editing | 3D Animation,RW8 - Dindoli,2026-02-06,RK University,BCA
GR0174,Isha Kumar,isha.kumar51@example.com,+91 6941924994,Video Editing | 3D Animation,RWBH1 - Bharuch,2026-02-04,VNSGU,B.Sc IT
GR0175,Suresh Joshi,suresh.joshi83@example.com,+91 6762670787,Graphic | Video Editing,RWSON - Online,2026-02-01,RK University,B.Com
GR0176,Sai Mehta,sai.mehta20@example.com,+91 7634512268,Full Stack Development,RW8 - Dindoli,2026-02-02,MSU Baroda,B.Sc IT
GR0177,Ramesh Patel,ramesh.patel70@example.com,+91 7062610733,Video Editing | 3D Animation,RWGN1 - Gandhinagar,2026-02-12,Gujarat University,B.Sc IT
GR0178,Vivaan Parmar,vivaan.parmar77@example.com,+91 9742810301,Video Editing | 3D Animation,RWMH - Maheshana,2026-02-06,SVNIT,BBA
GR0179,Arjun Parmar,arjun.parmar33@example.com,+91 7113629456,Graphic | Video Editing,RWR1 - Kotecha,2026-02-17,Silver Oak University,BCA
GR0180,Ramesh Patel,ramesh.patel89@example.com,+91 8311839595,Video Editing | 3D Animation,RWVN1 - Vidhyanagar,2026-02-25,MSU Baroda,BBA
GR0181,Amit Parmar,amit.parmar93@example.com,+91 6866847202,Graphic | UI/UX,RWBN - Bhavnagar,2026-02-05,RK University,BCA
GR0182,Aditya Gupta,aditya.gupta92@example.com,+91 8978886308,Graphic | UI/UX,RWAM1 - Amreli,2026-02-17,L.D. College of Engineering,BCA
GR0183,Krishna Gupta,krishna.gupta48@example.com,+91 6844652778,Graphic | UI/UX,RWNV1 - Navshari,2026-02-12,L.D. College of Engineering,MCA
GR0184,Amit Parmar,amit.parmar91@example.com,+91 8446129167,AI/ML & Data Science,RWA1 - Nikol,2026-02-02,DDU,MCA
GR0185,Arjun Parmar,arjun.parmar56@example.com,+91 7020704579,Video Editing | 3D Animation,RW2 - Yogi Chowk,2026-02-05,L.D. College of Engineering,B.Sc IT
GR0186,Maya Desai,maya.desai41@example.com,+91 8084720823,AI/ML & Data Science,RWNV1 - Navshari,2026-02-03,Gujarat University,B.Sc IT
GR0187,Shaurya Vyas,shaurya.vyas36@example.com,+91 7700408426,Graphic | UI/UX,RWMH - Maheshana,2026-02-22,MSU Baroda,BCA
GR0188,Kavya Gupta,kavya.gupta39@example.com,+91 9989771812,Full Stack Development,RWSON - Online,2026-02-28,Nirma University,M.Sc IT
GR0189,Krishna Chauhan,krishna.chauhan63@example.com,+91 9496961897,Video Editing | 3D Animation,RWA6 - Vastral,2026-02-14,Marwadi University,BBA
GR0190,Ramesh Parmar,ramesh.parmar98@example.com,+91 9821627164,Graphic | UI/UX,RWA4 - Bopal,2026-02-02,DDU,B.Sc IT
GR0191,Suresh Sharma,suresh.sharma62@example.com,+91 6983310670,Full Stack Development,RWA6 - Vastral,2026-02-01,DDU,Diploma in IT
GR0192,Maya Kumar,maya.kumar59@example.com,+91 9479032297,Graphic | UI/UX,RWBN - Bhavnagar,2026-02-26,DDU,B.Sc IT
GR0193,Ramesh Verma,ramesh.verma93@example.com,+91 8087099833,Graphic | Video Editing,RW4 - Mota Varachha,2026-02-22,Nirma University,BBA
GR0194,Krishna Kumar,krishna.kumar26@example.com,+91 8926278606,Video Editing | 3D Animation,RWBH1 - Bharuch,2026-02-01,Marwadi University,B.Com
GR0195,Sai Chauhan,sai.chauhan43@example.com,+91 9930682504,AI/ML & Data Science,RWA1 - Nikol,2026-02-12,MSU Baroda,MCA
GR0196,Suresh Shah,suresh.shah17@example.com,+91 9708743510,Full Stack Development,RWJN1 - Junagadh,2026-02-21,Nirma University,MCA
GR0197,Rahul Desai,rahul.desai12@example.com,+91 9384631535,Full Stack Development,RWGN1 - Gandhinagar,2026-02-24,MSU Baroda,Diploma in IT
GR0198,Kriti Sharma,kriti.sharma63@example.com,+91 7844601044,Video Editing | 3D Animation,RWVN1 - Vidhyanagar,2026-02-05,Gujarat University,MCA
GR0199,Shaurya Rathod,shaurya.rathod60@example.com,+91 6066477742,Graphic | UI/UX,RWA2 - Navrangpura,2026-02-28,RK University,B.Com
GR0200,Maya Sharma,maya.sharma19@example.com,+91 6993920727,Video Editing | 3D Animation,RWA4 - Bopal,2026-02-10,MSU Baroda,MCA
GR0201,Aarav Trivedi,aarav.trivedi11@example.com,+91 9767000868,Graphic | UI/UX,RWBH1 - Bharuch,2026-02-17,L.D. College of Engineering,BBA
GR0202,Shaurya Joshi,shaurya.joshi90@example.com,+91 8219994929,AI/ML & Data Science,RW4 - Mota Varachha,2026-02-22,L.D. College of Engineering,B.Tech Computer Science
GR0203,Aditya Desai,aditya.desai70@example.com,+91 9884673513,Full Stack Development,RWBH1 - Bharuch,2026-02-10,Nirma University,Diploma in IT
GR0204,Kavya Chauhan,kavya.chauhan75@example.com,+91 7168926809,Graphic | UI/UX,RWMH - Maheshana,2026-02-03,VNSGU,B.Tech Computer Science
GR0205,Kavya Kumar,kavya.kumar97@example.com,+91 6556656297,Graphic | Video Editing,RWA5 - Chandkheda,2026-02-26,RK University,BCA
GR0206,Vivaan Kumar,vivaan.kumar16@example.com,+91 6116286739,AI/ML & Data Science,RWGN1 - Gandhinagar,2026-02-24,SVNIT,BCA
GR0207,Neha Rathod,neha.rathod75@example.com,+91 8891539457,AI/ML & Data Science,RW2 - Yogi Chowk,2026-02-06,VNSGU,B.Tech Computer Science
GR0208,Vivaan Gupta,vivaan.gupta39@example.com,+91 7051466435,Graphic | UI/UX,RW4 - Mota Varachha,2026-02-06,Nirma University,B.Sc IT
GR0209,Aarav Parmar,aarav.parmar11@example.com,+91 8973195230,Graphic | UI/UX,RWBH1 - Bharuch,2026-02-05,Gujarat University,BCA
GR0210,Ayaan Trivedi,ayaan.trivedi95@example.com,+91 9311452988,AI/ML & Data Science,RW6 - Adajan,2026-02-15,RK University,M.Sc IT
GR0211,Isha Shah,isha.shah72@example.com,+91 8209419546,Video Editing | 3D Animation,RWA6 - Vastral,2026-02-01,VNSGU,BCA
GR0212,Kavya Rathod,kavya.rathod58@example.com,+91 8991861306,Full Stack Development,RWBH1 - Bharuch,2026-02-19,MSU Baroda,B.Com
GR0213,Ishaan Kumar,ishaan.kumar98@example.com,+91 7186954542,AI/ML & Data Science,RWBH1 - Bharuch,2026-02-15,Marwadi University,B.Sc IT
GR0214,Aditya Shah,aditya.shah85@example.com,+91 8833766065,AI/ML & Data Science,RWVN1 - Vidhyanagar,2026-02-25,Gujarat University,B.Com
GR0215,Riya Joshi,riya.joshi25@example.com,+91 8809289600,Full Stack Development,RWJN1 - Junagadh,2026-02-26,MSU Baroda,BCA
GR0216,Pooja Chauhan,pooja.chauhan60@example.com,+91 7156160405,AI/ML & Data Science,RWA6 - Vastral,2026-02-02,DDU,Diploma in IT
GR0217,Krishna Mehta,krishna.mehta43@example.com,+91 9687430107,Graphic | Video Editing,RWVN1 - Vidhyanagar,2026-02-06,L.D. College of Engineering,BCA
GR0218,Vikram Vyas,vikram.vyas12@example.com,+91 6197266581,Full Stack Development,RWAM1 - Amreli,2026-02-09,RK University,BBA
GR0219,Ayaan Singh,ayaan.singh20@example.com,+91 6065707203,Graphic | Video Editing,RWBH1 - Bharuch,2026-02-18,VNSGU,Diploma in IT
GR0220,Tara Gupta,tara.gupta29@example.com,+91 8080368701,Video Editing | 3D Animation,RWA4 - Bopal,2026-02-18,SVNIT,B.Tech Computer Science
GR0221,Vihaan Chauhan,vihaan.chauhan37@example.com,+91 9980611769,Full Stack Development,RWGN1 - Gandhinagar,2026-02-01,Gujarat University,B.Tech Computer Science
GR0222,Diya Parmar,diya.parmar54@example.com,+91 8584593847,Graphic | Video Editing,RWA2 - Navrangpura,2026-02-14,Nirma University,B.Tech Computer Science
GR0223,Amit Trivedi,amit.trivedi12@example.com,+91 7626560161,Full Stack Development,RWBH1 - Bharuch,2026-02-16,SVNIT,Diploma in IT
GR0224,Kriti Parmar,kriti.parmar80@example.com,+91 9116313905,AI/ML & Data Science,RWA2 - Navrangpura,2026-02-10,RK University,B.Com
GR0225,Ishaan Patel,ishaan.patel66@example.com,+91 6790755558,Graphic | UI/UX,RWA1 - Nikol,2026-02-21,VNSGU,M.Sc IT
GR0226,Amit Joshi,amit.joshi14@example.com,+91 8166222379,Graphic | UI/UX,RWNV1 - Navshari,2026-02-12,RK University,BCA
GR0227,Rahul Gupta,rahul.gupta76@example.com,+91 9835633410,AI/ML & Data Science,RWBN - Bhavnagar,2026-02-10,RK University,MCA
GR0228,Rahul Vyas,rahul.vyas95@example.com,+91 7577394348,Video Editing | 3D Animation,RWNV1 - Navshari,2026-02-06,VNSGU,M.Sc IT
GR0229,Isha Rathod,isha.rathod26@example.com,+91 9221384367,Video Editing | 3D Animation,RWVN1 - Vidhyanagar,2026-02-05,Gujarat University,BCA
GR0230,Diya Mehta,diya.mehta66@example.com,+91 6747574293,Video Editing | 3D Animation,RWA4 - Bopal,2026-02-06,DDU,B.Sc IT
GR0231,Kavya Rathod,kavya.rathod11@example.com,+91 9625032968,Graphic | Video Editing,RW6 - Adajan,2026-02-23,SVNIT,M.Sc IT
GR0232,Sai Patel,sai.patel85@example.com,+91 8211034251,Graphic | Video Editing,RWBN - Bhavnagar,2026-02-01,MSU Baroda,B.Sc IT
GR0233,Sneha Verma,sneha.verma19@example.com,+91 7598993351,Video Editing | 3D Animation,RW4 - Mota Varachha,2026-02-23,Silver Oak University,B.Com
GR0234,Vihaan Trivedi,vihaan.trivedi41@example.com,+91 8773304674,AI/ML & Data Science,RWA4 - Bopal,2026-02-17,DDU,BBA
GR0235,Aditya Desai,aditya.desai21@example.com,+91 7791442558,Full Stack Development,RWNV1 - Navshari,2026-02-04,MSU Baroda,B.Tech Computer Science
GR0236,Diya Desai,diya.desai28@example.com,+91 7956909701,Video Editing | 3D Animation,RWA2 - Navrangpura,2026-02-28,Marwadi University,B.Tech Computer Science
GR0237,Kavya Parmar,kavya.parmar29@example.com,+91 9300006818,Video Editing | 3D Animation,RWSON - Online,2026-02-23,Nirma University,B.Com
GR0238,Neha Trivedi,neha.trivedi91@example.com,+91 7471199701,Graphic | Video Editing,RWAM1 - Amreli,2026-02-09,Marwadi University,BCA
GR0239,Arjun Vyas,arjun.vyas12@example.com,+91 8090115357,Video Editing | 3D Animation,RW4 - Mota Varachha,2026-02-20,MSU Baroda,B.Com
GR0240,Shaurya Sharma,shaurya.sharma69@example.com,+91 8101651633,Video Editing | 3D Animation,RWA1 - Nikol,2026-02-05,Nirma University,B.Com
GR0241,Vivaan Kumar,vivaan.kumar69@example.com,+91 7599009548,Graphic | Video Editing,RWNV1 - Navshari,2026-02-15,VNSGU,B.Tech Computer Science
GR0242,Vivaan Patel,vivaan.patel96@example.com,+91 8778087599,Full Stack Development,RWBN - Bhavnagar,2026-02-24,Silver Oak University,M.Sc IT
GR0243,Tara Chauhan,tara.chauhan54@example.com,+91 7908987351,Video Editing | 3D Animation,RW7 - Vesu,2026-02-27,DDU,BCA
GR0244,Kriti Gupta,kriti.gupta81@example.com,+91 7831336670,Video Editing | 3D Animation,RWA5 - Chandkheda,2026-02-21,MSU Baroda,M.Sc IT
GR0245,Riya Joshi,riya.joshi64@example.com,+91 9947564410,Full Stack Development,RW1 - A.K Road,2026-02-25,MSU Baroda,B.Tech Computer Science
GR0246,Rahul Parmar,rahul.parmar29@example.com,+91 6537224381,AI/ML & Data Science,RWBH1 - Bharuch,2026-02-24,Silver Oak University,B.Tech Computer Science
GR0247,Shaurya Joshi,shaurya.joshi23@example.com,+91 8462832930,Graphic | Video Editing,RW2 - Yogi Chowk,2026-02-26,VNSGU,BBA
GR0248,Ayaan Mehta,ayaan.mehta30@example.com,+91 6151455801,Graphic | Video Editing,RWMH - Maheshana,2026-02-12,Silver Oak University,Diploma in IT
GR0249,Suresh Desai,suresh.desai85@example.com,+91 6435339851,Full Stack Development,RWNV1 - Navshari,2026-02-03,DDU,M.Sc IT
GR0250,Kavya Vyas,kavya.vyas42@example.com,+91 8633824680,Graphic | Video Editing,RWJN1 - Junagadh,2026-02-26,MSU Baroda,B.Tech Computer Science
GR0251,Neha Trivedi,neha.trivedi36@example.com,+91 7548094874,Graphic | Video Editing,RW1 - A.K Road,2026-02-08,Nirma University,BCA
GR0252,Vihaan Gupta,vihaan.gupta61@example.com,+91 7550610292,Video Editing | 3D Animation,RW6 - Adajan,2026-02-20,L.D. College of Engineering,Diploma in IT
GR0253,Diya Rathod,diya.rathod89@example.com,+91 8366085520,Graphic | Video Editing,RWR1 - Kotecha,2026-02-22,Marwadi University,MCA
GR0254,Isha Chauhan,isha.chauhan61@example.com,+91 9888260081,Video Editing | 3D Animation,RWBN - Bhavnagar,2026-02-02,L.D. College of Engineering,B.Com
GR0255,Krishna Rathod,krishna.rathod14@example.com,+91 8094906807,Graphic | UI/UX,RW1 - A.K Road,2026-02-09,MSU Baroda,BCA
GR0256,Krishna Joshi,krishna.joshi65@example.com,+91 7464063226,AI/ML & Data Science,RWNV1 - Navshari,2026-02-04,VNSGU,B.Com
GR0257,Rahul Chauhan,rahul.chauhan92@example.com,+91 8196473333,Full Stack Development,RW5 - Ved Road,2026-02-06,Gujarat University,MCA
GR0258,Neha Rathod,neha.rathod70@example.com,+91 6127956877,Graphic | UI/UX,RWA4 - Bopal,2026-02-02,Marwadi University,B.Sc IT
GR0259,Aarav Trivedi,aarav.trivedi82@example.com,+91 7588710890,AI/ML & Data Science,RW5 - Ved Road,2026-02-20,SVNIT,MCA
GR0260,Vivaan Verma,vivaan.verma66@example.com,+91 9418954806,Graphic | Video Editing,RWA4 - Bopal,2026-02-06,Marwadi University,BCA
GR0261,Isha Gupta,isha.gupta56@example.com,+91 6732857821,Graphic | Video Editing,RWGN1 - Gandhinagar,2026-02-03,Nirma University,B.Sc IT
GR0262,Vivaan Gupta,vivaan.gupta45@example.com,+91 9357626496,Graphic | UI/UX,RWNV1 - Navshari,2026-02-06,Nirma University,MCA
GR0263,Kriti Sharma,kriti.sharma35@example.com,+91 6488009454,Full Stack Development,RW2 - Yogi Chowk,2026-02-04,Nirma University,M.Sc IT
GR0264,Maya Kumar,maya.kumar70@example.com,+91 8767297360,Graphic | Video Editing,RW4 - Mota Varachha,2026-02-26,Marwadi University,Diploma in IT
GR0265,Maya Shah,maya.shah92@example.com,+91 6447162720,AI/ML & Data Science,RWA2 - Navrangpura,2026-02-19,VNSGU,BCA
GR0266,Aditya Parmar,aditya.parmar30@example.com,+91 8811895626,Full Stack Development,RW5 - Ved Road,2026-02-18,Nirma University,B.Tech Computer Science
GR0267,Arjun Desai,arjun.desai75@example.com,+91 9693432445,Video Editing | 3D Animation,RWA6 - Vastral,2026-02-27,RK University,M.Sc IT
GR0268,Kriti Shah,kriti.shah43@example.com,+91 6425331188,Video Editing | 3D Animation,RWA3 - Maninagar,2026-02-04,SVNIT,BCA
GR0269,Shaurya Mehta,shaurya.mehta48@example.com,+91 7219801046,Full Stack Development,RW2 - Yogi Chowk,2026-02-19,VNSGU,BBA
GR0270,Ayaan Patel,ayaan.patel79@example.com,+91 9678525693,Full Stack Development,RWVN1 - Vidhyanagar,2026-02-04,Silver Oak University,BCA
GR0271,Kavya Parmar,kavya.parmar42@example.com,+91 6419602660,Video Editing | 3D Animation,RWA3 - Maninagar,2026-02-19,Nirma University,MCA
GR0272,Vivaan Verma,vivaan.verma33@example.com,+91 9411688418,AI/ML & Data Science,RWBH1 - Bharuch,2026-02-04,Nirma University,B.Tech Computer Science
GR0273,Vikram Joshi,vikram.joshi51@example.com,+91 9349273696,Full Stack Development,RWBN - Bhavnagar,2026-02-06,Silver Oak University,B.Com
GR0274,Ayaan Desai,ayaan.desai36@example.com,+91 6681167866,Full Stack Development,RW1 - A.K Road,2026-02-06,Silver Oak University,B.Com
GR0275,Suresh Singh,suresh.singh94@example.com,+91 6071268642,Graphic | Video Editing,RWA3 - Maninagar,2026-02-11,L.D. College of Engineering,B.Com
GR0276,Aarav Verma,aarav.verma21@example.com,+91 7135132282,Graphic | Video Editing,RW2 - Yogi Chowk,2026-02-22,RK University,MCA
GR0277,Sneha Desai,sneha.desai28@example.com,+91 9679390791,Full Stack Development,RWJN1 - Junagadh,2026-02-14,VNSGU,B.Com
GR0278,Diya Rathod,diya.rathod21@example.com,+91 9754637498,Video Editing | 3D Animation,RWBH1 - Bharuch,2026-02-01,VNSGU,M.Sc IT
GR0279,Kriti Vyas,kriti.vyas47@example.com,+91 6360089275,Full Stack Development,RWJN1 - Junagadh,2026-02-11,MSU Baroda,M.Sc IT
GR0280,Krishna Desai,krishna.desai56@example.com,+91 7385205340,Graphic | UI/UX,RWAM1 - Amreli,2026-02-02,RK University,B.Sc IT
GR0281,Vikram Sharma,vikram.sharma56@example.com,+91 7970869779,AI/ML & Data Science,RW8 - Dindoli,2026-02-07,RK University,B.Sc IT
GR0282,Diya Sharma,diya.sharma11@example.com,+91 9221421340,Graphic | UI/UX,RW8 - Dindoli,2026-02-18,VNSGU,BCA
GR0283,Kavya Desai,kavya.desai76@example.com,+91 8453883034,AI/ML & Data Science,RWA5 - Chandkheda,2026-02-10,SVNIT,BCA
GR0284,Pooja Kumar,pooja.kumar36@example.com,+91 6063055700,Graphic | UI/UX,RWA3 - Maninagar,2026-02-06,Nirma University,BBA
GR0285,Aarav Patel,aarav.patel92@example.com,+91 7740748399,Graphic | UI/UX,RWA4 - Bopal,2026-02-01,VNSGU,B.Sc IT
GR0286,Tara Rathod,tara.rathod34@example.com,+91 8326293260,Video Editing | 3D Animation,RWA3 - Maninagar,2026-02-03,Nirma University,Diploma in IT
GR0287,Vikram Singh,vikram.singh36@example.com,+91 7899638389,Graphic | UI/UX,RW2 - Yogi Chowk,2026-02-19,SVNIT,MCA
GR0288,Neha Shah,neha.shah81@example.com,+91 6203996367,Graphic | Video Editing,RWR1 - Kotecha,2026-02-16,DDU,B.Com
GR0289,Aarav Kumar,aarav.kumar31@example.com,+91 7560294769,Full Stack Development,RWBN - Bhavnagar,2026-02-17,L.D. College of Engineering,B.Com
GR0290,Vivaan Sharma,vivaan.sharma85@example.com,+91 7577586996,Video Editing | 3D Animation,RWA2 - Navrangpura,2026-02-25,Nirma University,B.Tech Computer Science
GR0291,Pooja Patel,pooja.patel10@example.com,+91 8451681807,Video Editing | 3D Animation,RWR2 - Mavdi,2026-02-17,Silver Oak University,BCA
GR0292,Sai Shah,sai.shah53@example.com,+91 7727238359,Graphic | UI/UX,RWA3 - Maninagar,2026-02-27,Marwadi University,BCA
GR0293,Arjun Rathod,arjun.rathod57@example.com,+91 7407082422,Graphic | UI/UX,RWJN1 - Junagadh,2026-02-18,Marwadi University,Diploma in IT
GR0294,Pooja Patel,pooja.patel89@example.com,+91 9151593645,Full Stack Development,RWBN - Bhavnagar,2026-02-02,SVNIT,B.Tech Computer Science
GR0295,Krishna Rathod,krishna.rathod74@example.com,+91 6082252734,AI/ML & Data Science,RW1 - A.K Road,2026-02-09,VNSGU,Diploma in IT
GR0296,Kriti Shah,kriti.shah65@example.com,+91 9920454319,AI/ML & Data Science,RW5 - Ved Road,2026-02-10,SVNIT,B.Tech Computer Science
GR0297,Pooja Desai,pooja.desai69@example.com,+91 9866857694,AI/ML & Data Science,RWA3 - Maninagar,2026-02-11,Marwadi University,B.Sc IT
GR0298,Vivaan Shah,vivaan.shah18@example.com,+91 6550278758,Graphic | Video Editing,RW5 - Ved Road,2026-02-09,VNSGU,B.Com
GR0299,Krishna Chauhan,krishna.chauhan63@example.com,+91 8596270216,AI/ML & Data Science,RWR2 - Mavdi,2026-02-22,Gujarat University,Diploma in IT
GR0300,Krishna Shah,krishna.shah21@example.com,+91 7047845143,AI/ML & Data Science,RW7 - Vesu,2026-02-24,Silver Oak University,M.Sc IT
GR0301,Vikram Trivedi,vikram.trivedi41@example.com,+91 9521120811,AI/ML & Data Science,RWBN - Bhavnagar,2026-02-08,Silver Oak University,Diploma in IT
GR0302,Amit Singh,amit.singh85@example.com,+91 9684993184,AI/ML & Data Science,RWJN1 - Junagadh,2026-02-05,Gujarat University,B.Sc IT
GR0303,Suresh Vyas,suresh.vyas48@example.com,+91 8313321788,Graphic | Video Editing,RWMH - Maheshana,2026-02-05,SVNIT,Diploma in IT
GR0304,Diya Rathod,diya.rathod58@example.com,+91 6463108865,AI/ML & Data Science,RWBH1 - Bharuch,2026-02-20,Gujarat University,MCA
GR0305,Sneha Gupta,sneha.gupta27@example.com,+91 8194214929,Video Editing | 3D Animation,RWSON - Online,2026-02-15,MSU Baroda,M.Sc IT
GR0306,Suresh Trivedi,suresh.trivedi48@example.com,+91 7134741171,Full Stack Development,RWR1 - Kotecha,2026-02-17,Nirma University,B.Sc IT
GR0307,Amit Parmar,amit.parmar78@example.com,+91 9693473368,Full Stack Development,RW7 - Vesu,2026-02-22,MSU Baroda,MCA
GR0308,Vivaan Vyas,vivaan.vyas63@example.com,+91 7470944221,Graphic | Video Editing,RWVN1 - Vidhyanagar,2026-02-01,L.D. College of Engineering,B.Tech Computer Science
GR0309,Maya Singh,maya.singh73@example.com,+91 6816538141,Full Stack Development,RW5 - Ved Road,2026-02-20,VNSGU,Diploma in IT
GR0310,Suresh Kumar,suresh.kumar39@example.com,+91 8257662835,Graphic | UI/UX,RWSON - Online,2026-02-09,Marwadi University,Diploma in IT
GR0311,Ayaan Vyas,ayaan.vyas50@example.com,+91 7335765901,Video Editing | 3D Animation,RWSON - Online,2026-02-09,DDU,Diploma in IT
GR0312,Riya Gupta,riya.gupta36@example.com,+91 9506878383,Graphic | Video Editing,RWJN1 - Junagadh,2026-02-19,MSU Baroda,BCA
GR0313,Neha Gupta,neha.gupta24@example.com,+91 7240009809,Graphic | UI/UX,RWR2 - Mavdi,2026-02-09,VNSGU,MCA
GR0314,Tara Rathod,tara.rathod14@example.com,+91 6088595579,Graphic | UI/UX,RW4 - Mota Varachha,2026-02-08,L.D. College of Engineering,B.Sc IT
GR0315,Ishaan Chauhan,ishaan.chauhan95@example.com,+91 9665591662,AI/ML & Data Science,RW1 - A.K Road,2026-02-26,Marwadi University,BBA
GR0316,Sai Desai,sai.desai58@example.com,+91 7522806233,Graphic | Video Editing,RWA1 - Nikol,2026-02-18,DDU,Diploma in IT
GR0317,Ishaan Sharma,ishaan.sharma26@example.com,+91 9599566413,Video Editing | 3D Animation,RWMH - Maheshana,2026-02-18,Marwadi University,B.Sc IT
GR0318,Ishaan Kumar,ishaan.kumar34@example.com,+91 7596366923,Full Stack Development,RW7 - Vesu,2026-02-08,Silver Oak University,Diploma in IT
GR0319,Isha Joshi,isha.joshi91@example.com,+91 7908734298,Graphic | Video Editing,RWAM1 - Amreli,2026-02-26,SVNIT,BBA
GR0320,Kavya Mehta,kavya.mehta16@example.com,+91 8168342011,Video Editing | 3D Animation,RWR2 - Mavdi,2026-02-05,DDU,Diploma in IT
GR0321,Ayaan Verma,ayaan.verma40@example.com,+91 6649036769,Full Stack Development,RW4 - Mota Varachha,2026-02-21,Gujarat University,BCA
GR0322,Ayaan Patel,ayaan.patel80@example.com,+91 8775018827,Full Stack Development,RWBN - Bhavnagar,2026-02-27,L.D. College of Engineering,B.Sc IT
GR0323,Tara Kumar,tara.kumar70@example.com,+91 7182787953,Full Stack Development,RW2 - Yogi Chowk,2026-02-08,RK University,M.Sc IT
GR0324,Vihaan Shah,vihaan.shah20@example.com,+91 9416808459,AI/ML & Data Science,RWR1 - Kotecha,2026-02-24,RK University,Diploma in IT
GR0325,Amit Trivedi,amit.trivedi21@example.com,+91 8038914063,Video Editing | 3D Animation,RW4 - Mota Varachha,2026-02-23,Marwadi University,B.Com
GR0326,Riya Singh,riya.singh35@example.com,+91 8250962800,AI/ML & Data Science,RWBH1 - Bharuch,2026-02-22,Nirma University,M.Sc IT
GR0327,Rahul Trivedi,rahul.trivedi46@example.com,+91 7418871229,Graphic | UI/UX,RWA4 - Bopal,2026-02-22,Nirma University,BBA
GR0328,Ishaan Patel,ishaan.patel15@example.com,+91 6623355449,Graphic | UI/UX,RWBH1 - Bharuch,2026-02-18,L.D. College of Engineering,B.Com
GR0329,Kriti Parmar,kriti.parmar31@example.com,+91 9575073984,Graphic | UI/UX,RWR1 - Kotecha,2026-02-07,Nirma University,M.Sc IT
GR0330,Maya Shah,maya.shah79@example.com,+91 7620315088,Full Stack Development,RWAM1 - Amreli,2026-02-04,DDU,MCA
GR0331,Vikram Joshi,vikram.joshi96@example.com,+91 8912577221,AI/ML & Data Science,RWJN1 - Junagadh,2026-02-10,Nirma University,B.Tech Computer Science
GR0332,Vihaan Verma,vihaan.verma74@example.com,+91 7786224472,Graphic | UI/UX,RWR1 - Kotecha,2026-02-01,MSU Baroda,M.Sc IT
GR0333,Sneha Verma,sneha.verma71@example.com,+91 6088192872,AI/ML & Data Science,RWA1 - Nikol,2026-02-16,Marwadi University,MCA
GR0334,Arjun Rathod,arjun.rathod57@example.com,+91 9687635378,AI/ML & Data Science,RWA2 - Navrangpura,2026-02-08,MSU Baroda,BBA
GR0335,Kriti Parmar,kriti.parmar41@example.com,+91 8384613135,Video Editing | 3D Animation,RWVN1 - Vidhyanagar,2026-02-17,Nirma University,B.Sc IT
GR0336,Vihaan Shah,vihaan.shah16@example.com,+91 7504700694,Full Stack Development,RWA4 - Bopal,2026-02-12,SVNIT,Diploma in IT
GR0337,Tara Vyas,tara.vyas29@example.com,+91 6385525086,Full Stack Development,RWA5 - Chandkheda,2026-02-09,Silver Oak University,B.Sc IT
GR0338,Pooja Sharma,pooja.sharma12@example.com,+91 7526415528,Full Stack Development,RW2 - Yogi Chowk,2026-02-14,L.D. College of Engineering,Diploma in IT
GR0339,Vivaan Mehta,vivaan.mehta90@example.com,+91 9738386712,Video Editing | 3D Animation,RWJN1 - Junagadh,2026-02-18,Silver Oak University,B.Tech Computer Science
GR0340,Krishna Desai,krishna.desai84@example.com,+91 8299785173,Graphic | UI/UX,RW4 - Mota Varachha,2026-02-17,Nirma University,M.Sc IT
GR0341,Pooja Gupta,pooja.gupta58@example.com,+91 8009433029,Graphic | Video Editing,RWA5 - Chandkheda,2026-02-21,Nirma University,BBA
GR0342,Neha Sharma,neha.sharma86@example.com,+91 8443977086,Graphic | UI/UX,RWA1 - Nikol,2026-02-26,VNSGU,B.Sc IT
GR0343,Ayaan Desai,ayaan.desai71@example.com,+91 8187476820,Graphic | UI/UX,RWJN1 - Junagadh,2026-02-13,Gujarat University,B.Sc IT
GR0344,Pooja Shah,pooja.shah54@example.com,+91 9821829359,Full Stack Development,RWBH1 - Bharuch,2026-02-18,Silver Oak University,BBA
GR0345,Riya Trivedi,riya.trivedi41@example.com,+91 7014616567,Full Stack Development,RWBH1 - Bharuch,2026-02-27,MSU Baroda,BBA
GR0346,Isha Chauhan,isha.chauhan28@example.com,+91 7973156148,AI/ML & Data Science,RWJN1 - Junagadh,2026-02-18,DDU,B.Tech Computer Science
GR0347,Shaurya Sharma,shaurya.sharma68@example.com,+91 8990069673,Video Editing | 3D Animation,RW6 - Adajan,2026-02-17,VNSGU,B.Com
GR0348,Vivaan Chauhan,vivaan.chauhan74@example.com,+91 6691279918,Video Editing | 3D Animation,RWBH1 - Bharuch,2026-02-13,MSU Baroda,Diploma in IT
GR0349,Rahul Chauhan,rahul.chauhan36@example.com,+91 6984123267,AI/ML & Data Science,RWMH - Maheshana,2026-02-01,DDU,B.Com
GR0350,Rahul Sharma,rahul.sharma24@example.com,+91 9303854991,Full Stack Development,RWNV1 - Navshari,2026-02-11,VNSGU,B.Sc IT
GR0351,Amit Desai,amit.desai98@example.com,+91 6757272177,AI/ML & Data Science,RWR1 - Kotecha,2026-02-19,SVNIT,BCA
GR0352,Vihaan Patel,vihaan.patel72@example.com,+91 8020392203,Graphic | Video Editing,RW6 - Adajan,2026-02-10,Silver Oak University,MCA
GR0353,Sai Chauhan,sai.chauhan27@example.com,+91 7963279308,Video Editing | 3D Animation,RWA6 - Vastral,2026-02-15,Marwadi University,M.Sc IT
GR0354,Neha Vyas,neha.vyas17@example.com,+91 9881267310,AI/ML & Data Science,RW8 - Dindoli,2026-02-06,DDU,Diploma in IT
GR0355,Vikram Desai,vikram.desai26@example.com,+91 8186394940,AI/ML & Data Science,RWR2 - Mavdi,2026-02-19,DDU,B.Sc IT
GR0356,Ayaan Gupta,ayaan.gupta75@example.com,+91 7094791257,Full Stack Development,RWA1 - Nikol,2026-02-03,VNSGU,BCA
GR0357,Shaurya Mehta,shaurya.mehta37@example.com,+91 7568113833,Graphic | UI/UX,RWGN1 - Gandhinagar,2026-02-02,Gujarat University,Diploma in IT
GR0358,Aarav Kumar,aarav.kumar42@example.com,+91 9755676977,Graphic | UI/UX,RWA5 - Chandkheda,2026-02-14,Marwadi University,MCA
GR0359,Tara Sharma,tara.sharma69@example.com,+91 7022528709,Graphic | Video Editing,RWMH - Maheshana,2026-02-06,L.D. College of Engineering,BCA
GR0360,Krishna Kumar,krishna.kumar48@example.com,+91 8803931594,Video Editing | 3D Animation,RWR2 - Mavdi,2026-02-12,MSU Baroda,B.Sc IT
GR0361,Aditya Verma,aditya.verma98@example.com,+91 9266007404,Full Stack Development,RW7 - Vesu,2026-02-10,Gujarat University,B.Tech Computer Science
GR0362,Diya Patel,diya.patel29@example.com,+91 8995174753,Graphic | UI/UX,RWR2 - Mavdi,2026-02-14,Gujarat University,BCA
GR0363,Maya Mehta,maya.mehta12@example.com,+91 6540036020,AI/ML & Data Science,RW6 - Adajan,2026-02-08,RK University,Diploma in IT
GR0364,Tara Gupta,tara.gupta94@example.com,+91 7142630066,Graphic | UI/UX,RWA3 - Maninagar,2026-02-08,MSU Baroda,M.Sc IT
GR0365,Isha Rathod,isha.rathod54@example.com,+91 7470370850,Full Stack Development,RWSON - Online,2026-02-15,DDU,BBA
GR0366,Arjun Shah,arjun.shah99@example.com,+91 7692385712,Graphic | UI/UX,RWA6 - Vastral,2026-02-27,Silver Oak University,B.Tech Computer Science
GR0367,Tara Shah,tara.shah69@example.com,+91 8690391061,Graphic | Video Editing,RWA6 - Vastral,2026-02-25,VNSGU,M.Sc IT
GR0368,Vivaan Desai,vivaan.desai97@example.com,+91 7196397203,Graphic | Video Editing,RW1 - A.K Road,2026-02-13,L.D. College of Engineering,B.Com
GR0369,Shaurya Singh,shaurya.singh18@example.com,+91 6639165164,Graphic | Video Editing,RW8 - Dindoli,2026-02-24,SVNIT,B.Sc IT
GR0370,Sai Singh,sai.singh32@example.com,+91 7415019613,Full Stack Development,RWVN1 - Vidhyanagar,2026-02-24,Gujarat University,Diploma in IT
GR0371,Isha Joshi,isha.joshi21@example.com,+91 6839697122,Video Editing | 3D Animation,RW4 - Mota Varachha,2026-02-01,VNSGU,M.Sc IT
GR0372,Kriti Singh,kriti.singh26@example.com,+91 8601241208,AI/ML & Data Science,RWA4 - Bopal,2026-02-08,RK University,MCA
GR0373,Suresh Parmar,suresh.parmar64@example.com,+91 6065954339,Graphic | Video Editing,RW6 - Adajan,2026-02-01,RK University,B.Sc IT
GR0374,Suresh Rathod,suresh.rathod37@example.com,+91 9999681938,Full Stack Development,RWA3 - Maninagar,2026-02-06,DDU,B.Tech Computer Science
GR0375,Sai Joshi,sai.joshi97@example.com,+91 8017203114,Graphic | Video Editing,RWVN1 - Vidhyanagar,2026-02-26,DDU,Diploma in IT
GR0376,Arjun Desai,arjun.desai83@example.com,+91 7518126767,Full Stack Development,RWA6 - Vastral,2026-02-18,L.D. College of Engineering,B.Com
GR0377,Kavya Rathod,kavya.rathod38@example.com,+91 6977485932,AI/ML & Data Science,RWA4 - Bopal,2026-02-17,MSU Baroda,Diploma in IT
GR0378,Ayaan Mehta,ayaan.mehta83@example.com,+91 7375754654,Video Editing | 3D Animation,RWR1 - Kotecha,2026-02-21,L.D. College of Engineering,B.Tech Computer Science
GR0379,Krishna Singh,krishna.singh73@example.com,+91 6807551430,Full Stack Development,RW1 - A.K Road,2026-02-27,Marwadi University,B.Sc IT
GR0380,Shaurya Joshi,shaurya.joshi67@example.com,+91 8001175009,Full Stack Development,RWA6 - Vastral,2026-02-04,Nirma University,B.Com
GR0381,Arjun Sharma,arjun.sharma77@example.com,+91 6034240028,Video Editing | 3D Animation,RWA2 - Navrangpura,2026-02-26,SVNIT,BBA
GR0382,Vikram Vyas,vikram.vyas10@example.com,+91 9560204459,AI/ML & Data Science,RWBH1 - Bharuch,2026-02-15,MSU Baroda,BCA
GR0383,Krishna Parmar,krishna.parmar88@example.com,+91 8652732836,Full Stack Development,RW1 - A.K Road,2026-02-03,DDU,M.Sc IT
GR0384,Vivaan Joshi,vivaan.joshi84@example.com,+91 6709692332,Graphic | Video Editing,RWBH1 - Bharuch,2026-02-05,MSU Baroda,BCA
GR0385,Neha Verma,neha.verma52@example.com,+91 8843961551,Full Stack Development,RW1 - A.K Road,2026-02-25,Marwadi University,BCA
GR0386,Krishna Patel,krishna.patel69@example.com,+91 6819580610,Full Stack Development,RWA5 - Chandkheda,2026-02-25,VNSGU,M.Sc IT
GR0387,Suresh Verma,suresh.verma20@example.com,+91 6252023509,Video Editing | 3D Animation,RW4 - Mota Varachha,2026-02-24,RK University,B.Com
GR0388,Aditya Parmar,aditya.parmar79@example.com,+91 6538839851,Graphic | Video Editing,RWAM1 - Amreli,2026-02-06,Gujarat University,B.Sc IT
GR0389,Neha Desai,neha.desai98@example.com,+91 8470001272,Graphic | UI/UX,RW6 - Adajan,2026-02-20,MSU Baroda,BCA
GR0390,Aarav Singh,aarav.singh21@example.com,+91 6290716124,Full Stack Development,RWAM1 - Amreli,2026-02-24,L.D. College of Engineering,MCA
GR0391,Riya Parmar,riya.parmar28@example.com,+91 7516761356,Video Editing | 3D Animation,RWR2 - Mavdi,2026-02-12,Nirma University,Diploma in IT
GR0392,Tara Mehta,tara.mehta81@example.com,+91 7949574372,AI/ML & Data Science,RW7 - Vesu,2026-02-03,L.D. College of Engineering,B.Tech Computer Science
GR0393,Amit Desai,amit.desai73@example.com,+91 7994436701,Full Stack Development,RWVN1 - Vidhyanagar,2026-02-18,RK University,B.Tech Computer Science
GR0394,Suresh Sharma,suresh.sharma21@example.com,+91 7854438979,AI/ML & Data Science,RW6 - Adajan,2026-02-16,RK University,B.Sc IT
GR0395,Vihaan Vyas,vihaan.vyas39@example.com,+91 9115349959,Video Editing | 3D Animation,RWAM1 - Amreli,2026-02-17,RK University,BBA
GR0396,Shaurya Desai,shaurya.desai26@example.com,+91 8438980298,Graphic | UI/UX,RW5 - Ved Road,2026-02-19,Marwadi University,BBA
GR0397,Vihaan Trivedi,vihaan.trivedi15@example.com,+91 8338310236,Graphic | UI/UX,RWBH1 - Bharuch,2026-02-17,L.D. College of Engineering,B.Sc IT
GR0398,Riya Shah,riya.shah34@example.com,+91 6185013788,Full Stack Development,RW1 - A.K Road,2026-02-18,L.D. College of Engineering,BBA
GR0399,Pooja Sharma,pooja.sharma77@example.com,+91 9500073632,Graphic | Video Editing,RWBH1 - Bharuch,2026-02-24,RK University,B.Sc IT
GR0400,Shaurya Verma,shaurya.verma40@example.com,+91 9158615246,Graphic | Video Editing,RWVN1 - Vidhyanagar,2026-02-14,Silver Oak University,Diploma in IT
GR0401,Tara Gupta,tara.gupta58@example.com,+91 9813058228,Graphic | Video Editing,RWR1 - Kotecha,2026-02-12,Marwadi University,Diploma in IT
GR0402,Riya Sharma,riya.sharma42@example.com,+91 8178189021,Full Stack Development,RWGN1 - Gandhinagar,2026-02-03,VNSGU,B.Tech Computer Science
GR0403,Ayaan Rathod,ayaan.rathod68@example.com,+91 7396274543,Graphic | Video Editing,RWR1 - Kotecha,2026-02-13,Nirma University,B.Com
GR0404,Vivaan Patel,vivaan.patel44@example.com,+91 9255354066,Graphic | UI/UX,RW6 - Adajan,2026-02-13,RK University,Diploma in IT
GR0405,Kavya Verma,kavya.verma80@example.com,+91 6430150167,Graphic | Video Editing,RWA5 - Chandkheda,2026-02-12,Silver Oak University,MCA
GR0406,Aarav Vyas,aarav.vyas78@example.com,+91 8619922002,AI/ML & Data Science,RW5 - Ved Road,2026-02-24,Silver Oak University,B.Com
GR0407,Ayaan Patel,ayaan.patel21@example.com,+91 9360781489,AI/ML & Data Science,RWSON - Online,2026-02-12,L.D. College of Engineering,BCA
GR0408,Riya Chauhan,riya.chauhan57@example.com,+91 8720675601,Graphic | Video Editing,RWA5 - Chandkheda,2026-02-17,MSU Baroda,MCA
GR0409,Tara Singh,tara.singh46@example.com,+91 9726715229,Full Stack Development,RWVN1 - Vidhyanagar,2026-02-27,Marwadi University,B.Sc IT
GR0410,Kriti Desai,kriti.desai22@example.com,+91 9773327125,Graphic | Video Editing,RW4 - Mota Varachha,2026-02-03,Marwadi University,B.Com
GR0411,Vikram Singh,vikram.singh86@example.com,+91 9202689135,AI/ML & Data Science,RWMH - Maheshana,2026-02-09,L.D. College of Engineering,Diploma in IT
GR0412,Amit Sharma,amit.sharma50@example.com,+91 7810090875,Full Stack Development,RWR1 - Kotecha,2026-02-16,Nirma University,B.Tech Computer Science
GR0413,Isha Trivedi,isha.trivedi52@example.com,+91 8193241588,Full Stack Development,RWA6 - Vastral,2026-02-05,Gujarat University,B.Sc IT
GR0414,Riya Gupta,riya.gupta54@example.com,+91 7618061199,Graphic | Video Editing,RWA4 - Bopal,2026-02-01,Silver Oak University,M.Sc IT
GR0415,Shaurya Patel,shaurya.patel59@example.com,+91 8465618774,Graphic | Video Editing,RWA2 - Navrangpura,2026-02-01,RK University,Diploma in IT
GR0416,Amit Sharma,amit.sharma41@example.com,+91 6620416212,Graphic | UI/UX,RWMH - Maheshana,2026-02-16,RK University,B.Com
GR0417,Arjun Sharma,arjun.sharma81@example.com,+91 6292461994,Full Stack Development,RWBN - Bhavnagar,2026-02-17,RK University,B.Sc IT
GR0418,Shaurya Sharma,shaurya.sharma39@example.com,+91 7366062531,Graphic | UI/UX,RWR2 - Mavdi,2026-02-13,DDU,B.Com
GR0419,Kriti Kumar,kriti.kumar60@example.com,+91 8344341120,Full Stack Development,RW5 - Ved Road,2026-02-23,DDU,MCA
GR0420,Amit Mehta,amit.mehta81@example.com,+91 9530619907,Full Stack Development,RWVN1 - Vidhyanagar,2026-02-17,MSU Baroda,BCA
GR0421,Sneha Gupta,sneha.gupta43@example.com,+91 9649818026,Video Editing | 3D Animation,RWVN1 - Vidhyanagar,2026-02-24,DDU,BCA
GR0422,Kavya Rathod,kavya.rathod15@example.com,+91 6238147486,AI/ML & Data Science,RWNV1 - Navshari,2026-02-14,Nirma University,BBA
GR0423,Isha Gupta,isha.gupta54@example.com,+91 9334471707,Graphic | UI/UX,RW8 - Dindoli,2026-02-22,Gujarat University,B.Tech Computer Science
GR0424,Suresh Joshi,suresh.joshi44@example.com,+91 8590097416,Graphic | Video Editing,RWA6 - Vastral,2026-02-18,L.D. College of Engineering,MCA
GR0425,Aarav Trivedi,aarav.trivedi43@example.com,+91 9185740089,Graphic | UI/UX,RWR1 - Kotecha,2026-02-24,SVNIT,MCA
GR0426,Rahul Kumar,rahul.kumar60@example.com,+91 6570547241,Full Stack Development,RWJN1 - Junagadh,2026-02-12,RK University,B.Tech Computer Science
GR0427,Aarav Kumar,aarav.kumar27@example.com,+91 7388814119,Graphic | UI/UX,RW4 - Mota Varachha,2026-02-20,Nirma University,BBA
GR0428,Rahul Parmar,rahul.parmar29@example.com,+91 9898440411,Video Editing | 3D Animation,RWBH1 - Bharuch,2026-02-08,SVNIT,BBA
GR0429,Maya Rathod,maya.rathod58@example.com,+91 7966085933,Graphic | Video Editing,RWR1 - Kotecha,2026-02-08,Marwadi University,M.Sc IT
GR0430,Diya Trivedi,diya.trivedi54@example.com,+91 8854837797,AI/ML & Data Science,RW5 - Ved Road,2026-02-26,Nirma University,BCA
GR0431,Suresh Rathod,suresh.rathod61@example.com,+91 6439752150,Full Stack Development,RWR2 - Mavdi,2026-02-09,MSU Baroda,B.Sc IT
GR0432,Aditya Chauhan,aditya.chauhan68@example.com,+91 7298852198,AI/ML & Data Science,RWA4 - Bopal,2026-02-04,Silver Oak University,Diploma in IT
GR0433,Aditya Rathod,aditya.rathod77@example.com,+91 7577289920,Graphic | UI/UX,RWBH1 - Bharuch,2026-02-10,SVNIT,MCA
GR0434,Tara Parmar,tara.parmar11@example.com,+91 9528654611,Graphic | Video Editing,RWJN1 - Junagadh,2026-02-03,Silver Oak University,Diploma in IT
GR0435,Arjun Shah,arjun.shah21@example.com,+91 6951622704,AI/ML & Data Science,RWA2 - Navrangpura,2026-02-21,DDU,BCA
GR0436,Vihaan Rathod,vihaan.rathod36@example.com,+91 6543537916,Graphic | UI/UX,RW6 - Adajan,2026-02-19,VNSGU,M.Sc IT
GR0437,Maya Sharma,maya.sharma25@example.com,+91 8114648294,Full Stack Development,RW8 - Dindoli,2026-02-13,Nirma University,B.Tech Computer Science
GR0438,Sai Parmar,sai.parmar83@example.com,+91 6773048263,Graphic | Video Editing,RW7 - Vesu,2026-02-25,VNSGU,B.Tech Computer Science
GR0439,Shaurya Vyas,shaurya.vyas80@example.com,+91 9860935909,Graphic | UI/UX,RWJN1 - Junagadh,2026-02-06,SVNIT,BCA
GR0440,Aditya Mehta,aditya.mehta17@example.com,+91 9994454061,Video Editing | 3D Animation,RWR1 - Kotecha,2026-02-11,SVNIT,B.Com
GR0441,Rahul Shah,rahul.shah14@example.com,+91 7704764697,Video Editing | 3D Animation,RWBH1 - Bharuch,2026-02-17,Marwadi University,M.Sc IT
GR0442,Riya Trivedi,riya.trivedi83@example.com,+91 7085633508,AI/ML & Data Science,RW6 - Adajan,2026-02-01,L.D. College of Engineering,B.Tech Computer Science
GR0443,Tara Trivedi,tara.trivedi44@example.com,+91 8914360800,Full Stack Development,RWSON - Online,2026-02-03,SVNIT,BBA
GR0444,Maya Desai,maya.desai42@example.com,+91 6897119589,Graphic | UI/UX,RWBN - Bhavnagar,2026-02-13,DDU,BCA
GR0445,Krishna Rathod,krishna.rathod84@example.com,+91 8559239187,Video Editing | 3D Animation,RWNV1 - Navshari,2026-02-19,RK University,B.Tech Computer Science
GR0446,Sneha Sharma,sneha.sharma77@example.com,+91 6674944765,Full Stack Development,RW6 - Adajan,2026-02-07,Nirma University,BBA
GR0447,Pooja Parmar,pooja.parmar82@example.com,+91 6575901257,Full Stack Development,RW6 - Adajan,2026-02-02,Nirma University,B.Sc IT
GR0448,Aarav Sharma,aarav.sharma76@example.com,+91 7146063409,Video Editing | 3D Animation,RWMH - Maheshana,2026-02-26,VNSGU,B.Com
GR0449,Vihaan Rathod,vihaan.rathod30@example.com,+91 7032908430,Full Stack Development,RWA6 - Vastral,2026-02-16,SVNIT,BCA
GR0450,Amit Desai,amit.desai76@example.com,+91 7062758763,Full Stack Development,RWSON - Online,2026-02-28,MSU Baroda,B.Tech Computer Science
GR0451,Aditya Patel,aditya.patel49@example.com,+91 9404561074,AI/ML & Data Science,RWAM1 - Amreli,2026-02-08,VNSGU,B.Sc IT
GR0452,Pooja Desai,pooja.desai87@example.com,+91 6725323304,Full Stack Development,RW8 - Dindoli,2026-02-09,MSU Baroda,BBA
GR0453,Arjun Sharma,arjun.sharma98@example.com,+91 6184324042,Graphic | UI/UX,RW6 - Adajan,2026-02-12,Gujarat University,Diploma in IT
GR0454,Isha Rathod,isha.rathod85@example.com,+91 7822716987,Graphic | Video Editing,RW7 - Vesu,2026-02-04,RK University,B.Tech Computer Science
GR0455,Vivaan Gupta,vivaan.gupta34@example.com,+91 9249599202,Full Stack Development,RWBH1 - Bharuch,2026-02-24,SVNIT,M.Sc IT
GR0456,Rahul Parmar,rahul.parmar18@example.com,+91 9154466942,Graphic | Video Editing,RWNV1 - Navshari,2026-02-01,VNSGU,BBA
GR0457,Arjun Mehta,arjun.mehta90@example.com,+91 6865099665,AI/ML & Data Science,RWA5 - Chandkheda,2026-02-01,VNSGU,B.Tech Computer Science
GR0458,Suresh Shah,suresh.shah93@example.com,+91 7100924567,Full Stack Development,RWSON - Online,2026-02-16,Gujarat University,BCA
GR0459,Ayaan Vyas,ayaan.vyas79@example.com,+91 9952367932,Video Editing | 3D Animation,RWA5 - Chandkheda,2026-02-08,RK University,B.Tech Computer Science
GR0460,Diya Shah,diya.shah66@example.com,+91 8871064982,AI/ML & Data Science,RW2 - Yogi Chowk,2026-02-16,VNSGU,M.Sc IT
GR0461,Krishna Mehta,krishna.mehta79@example.com,+91 7131661058,Video Editing | 3D Animation,RW6 - Adajan,2026-02-24,L.D. College of Engineering,MCA
GR0462,Shaurya Patel,shaurya.patel20@example.com,+91 6978829550,Video Editing | 3D Animation,RWNV1 - Navshari,2026-02-26,Nirma University,B.Tech Computer Science
GR0463,Vihaan Trivedi,vihaan.trivedi37@example.com,+91 6450344339,Graphic | UI/UX,RW8 - Dindoli,2026-02-04,Nirma University,Diploma in IT
GR0464,Arjun Desai,arjun.desai43@example.com,+91 7330297372,Graphic | Video Editing,RWA4 - Bopal,2026-02-20,RK University,B.Tech Computer Science
GR0465,Neha Desai,neha.desai49@example.com,+91 7264164396,Graphic | UI/UX,RWA4 - Bopal,2026-02-03,L.D. College of Engineering,Diploma in IT
GR0466,Pooja Trivedi,pooja.trivedi89@example.com,+91 9804298776,Full Stack Development,RW4 - Mota Varachha,2026-02-22,SVNIT,MCA
GR0467,Kriti Kumar,kriti.kumar64@example.com,+91 6682142688,Graphic | UI/UX,RWA4 - Bopal,2026-02-01,Nirma University,MCA
GR0468,Riya Patel,riya.patel62@example.com,+91 9710092788,Video Editing | 3D Animation,RWJN1 - Junagadh,2026-02-11,Nirma University,BBA
GR0469,Neha Shah,neha.shah63@example.com,+91 6343339973,Video Editing | 3D Animation,RWA6 - Vastral,2026-02-11,SVNIT,MCA
GR0470,Vivaan Desai,vivaan.desai65@example.com,+91 7736025144,Full Stack Development,RWR1 - Kotecha,2026-02-06,SVNIT,BBA
GR0471,Sneha Joshi,sneha.joshi47@example.com,+91 7207465305,Full Stack Development,RWA6 - Vastral,2026-02-15,RK University,B.Tech Computer Science
GR0472,Amit Desai,amit.desai18@example.com,+91 6689345513,Full Stack Development,RWA1 - Nikol,2026-02-26,VNSGU,BCA
GR0473,Shaurya Mehta,shaurya.mehta94@example.com,+91 9121385262,Graphic | UI/UX,RWA3 - Maninagar,2026-02-01,L.D. College of Engineering,M.Sc IT
GR0474,Ishaan Singh,ishaan.singh50@example.com,+91 6592869188,Graphic | Video Editing,RW6 - Adajan,2026-02-20,SVNIT,B.Sc IT
GR0475,Pooja Rathod,pooja.rathod40@example.com,+91 7732319080,Graphic | UI/UX,RWA3 - Maninagar,2026-02-07,Marwadi University,BCA
GR0476,Rahul Kumar,rahul.kumar42@example.com,+91 7194364473,Full Stack Development,RWA5 - Chandkheda,2026-02-27,Gujarat University,Diploma in IT
GR0477,Aditya Rathod,aditya.rathod59@example.com,+91 8504157184,Video Editing | 3D Animation,RW5 - Ved Road,2026-02-07,Gujarat University,B.Sc IT
GR0478,Aditya Mehta,aditya.mehta56@example.com,+91 8039027473,Graphic | UI/UX,RWA2 - Navrangpura,2026-02-24,L.D. College of Engineering,MCA
GR0479,Sai Shah,sai.shah12@example.com,+91 7294525566,Full Stack Development,RW7 - Vesu,2026-02-12,VNSGU,BCA
GR0480,Vikram Chauhan,vikram.chauhan52@example.com,+91 7691770144,Graphic | Video Editing,RWBN - Bhavnagar,2026-02-27,MSU Baroda,B.Com
GR0481,Ishaan Verma,ishaan.verma45@example.com,+91 8734914948,AI/ML & Data Science,RW2 - Yogi Chowk,2026-02-09,Gujarat University,B.Com
GR0482,Ramesh Kumar,ramesh.kumar75@example.com,+91 6179497876,Graphic | UI/UX,RWA5 - Chandkheda,2026-02-03,RK University,BCA
GR0483,Sai Shah,sai.shah15@example.com,+91 6508650481,Video Editing | 3D Animation,RWA3 - Maninagar,2026-02-06,RK University,B.Sc IT
GR0484,Kavya Sharma,kavya.sharma46@example.com,+91 8885459838,AI/ML & Data Science,RW7 - Vesu,2026-02-05,Nirma University,BBA
GR0485,Kriti Desai,kriti.desai37@example.com,+91 7164070026,Full Stack Development,RWR1 - Kotecha,2026-02-17,Gujarat University,BCA
GR0486,Kavya Desai,kavya.desai71@example.com,+91 9762863586,Full Stack Development,RWA5 - Chandkheda,2026-02-07,Silver Oak University,M.Sc IT
GR0487,Isha Mehta,isha.mehta23@example.com,+91 6904154574,AI/ML & Data Science,RWJN1 - Junagadh,2026-02-21,Marwadi University,BBA
GR0488,Shaurya Vyas,shaurya.vyas48@example.com,+91 8476486983,Full Stack Development,RWR2 - Mavdi,2026-02-09,Marwadi University,B.Tech Computer Science
GR0489,Neha Kumar,neha.kumar27@example.com,+91 6956695166,Graphic | UI/UX,RW4 - Mota Varachha,2026-02-16,Gujarat University,B.Com
GR0490,Kriti Gupta,kriti.gupta70@example.com,+91 8086624283,Full Stack Development,RWA1 - Nikol,2026-02-12,Nirma University,MCA
GR0491,Vivaan Joshi,vivaan.joshi46@example.com,+91 8548919703,Full Stack Development,RW2 - Yogi Chowk,2026-02-28,MSU Baroda,B.Tech Computer Science
GR0492,Diya Parmar,diya.parmar72@example.com,+91 9985744225,Graphic | UI/UX,RWA2 - Navrangpura,2026-02-20,Nirma University,M.Sc IT
GR0493,Arjun Sharma,arjun.sharma62@example.com,+91 7452463070,Graphic | Video Editing,RW1 - A.K Road,2026-02-01,L.D. College of Engineering,BCA
GR0494,Tara Sharma,tara.sharma45@example.com,+91 8527007276,Graphic | UI/UX,RWJN1 - Junagadh,2026-02-17,SVNIT,BBA
GR0495,Vikram Shah,vikram.shah50@example.com,+91 6007548465,AI/ML & Data Science,RWR2 - Mavdi,2026-02-11,Marwadi University,BCA
GR0496,Shaurya Singh,shaurya.singh56@example.com,+91 6432710855,Graphic | Video Editing,RWVN1 - Vidhyanagar,2026-02-28,Silver Oak University,B.Tech Computer Science
GR0497,Aarav Trivedi,aarav.trivedi35@example.com,+91 8481456642,Video Editing | 3D Animation,RWBH1 - Bharuch,2026-02-23,RK University,BBA
GR0498,Diya Desai,diya.desai43@example.com,+91 8886115493,AI/ML & Data Science,RWA1 - Nikol,2026-02-20,VNSGU,BCA
GR0499,Suresh Chauhan,suresh.chauhan17@example.com,+91 6659019379,Graphic | Video Editing,RW1 - A.K Road,2026-02-05,SVNIT,B.Tech Computer Science
GR0500,Rahul Joshi,rahul.joshi15@example.com,+91 6751249229,Video Editing | 3D Animation,RW1 - A.K Road,2026-02-10,MSU Baroda,MCA
GR0501,Pooja Rathod,pooja.rathod12@example.com,+91 6491280882,Graphic | Video Editing,RW1 - A.K Road,2026-02-01,DDU,MCA
GR0502,Krishna Chauhan,krishna.chauhan90@example.com,+91 6669412250,Video Editing | 3D Animation,RWR1 - Kotecha,2026-02-13,Nirma University,MCA
GR0503,Isha Sharma,isha.sharma30@example.com,+91 6900418315,Graphic | Video Editing,RWR2 - Mavdi,2026-02-25,RK University,MCA
GR0504,Kriti Chauhan,kriti.chauhan98@example.com,+91 9326596099,Graphic | UI/UX,RWA3 - Maninagar,2026-02-11,MSU Baroda,Diploma in IT
GR0505,Kavya Verma,kavya.verma76@example.com,+91 7941921975,Video Editing | 3D Animation,RWGN1 - Gandhinagar,2026-02-23,L.D. College of Engineering,Diploma in IT
GR0506,Ayaan Gupta,ayaan.gupta41@example.com,+91 7416462476,AI/ML & Data Science,RWA1 - Nikol,2026-02-10,L.D. College of Engineering,Diploma in IT
GR0507,Vikram Patel,vikram.patel81@example.com,+91 7834066776,Graphic | UI/UX,RW8 - Dindoli,2026-02-07,RK University,BCA
GR0508,Kavya Gupta,kavya.gupta27@example.com,+91 6206572821,Graphic | UI/UX,RWA5 - Chandkheda,2026-02-17,RK University,Diploma in IT
GR0509,Shaurya Singh,shaurya.singh46@example.com,+91 9311812966,Graphic | UI/UX,RW7 - Vesu,2026-02-02,L.D. College of Engineering,M.Sc IT
GR0510,Vivaan Patel,vivaan.patel47@example.com,+91 6785742217,Graphic | UI/UX,RWJN1 - Junagadh,2026-02-27,VNSGU,Diploma in IT
GR0511,Amit Parmar,amit.parmar70@example.com,+91 9829578007,Video Editing | 3D Animation,RW4 - Mota Varachha,2026-02-11,VNSGU,Diploma in IT
GR0512,Riya Verma,riya.verma71@example.com,+91 7922375439,Graphic | UI/UX,RW1 - A.K Road,2026-02-23,MSU Baroda,M.Sc IT
GR0513,Shaurya Desai,shaurya.desai48@example.com,+91 6083215350,Graphic | Video Editing,RWA4 - Bopal,2026-02-09,SVNIT,M.Sc IT
GR0514,Kavya Patel,kavya.patel30@example.com,+91 8289361682,Graphic | Video Editing,RWR1 - Kotecha,2026-02-05,Marwadi University,MCA
GR0515,Ishaan Mehta,ishaan.mehta39@example.com,+91 9451543402,Full Stack Development,RWAM1 - Amreli,2026-02-10,MSU Baroda,B.Sc IT
GR0516,Maya Shah,maya.shah53@example.com,+91 7627385033,Graphic | UI/UX,RWAM1 - Amreli,2026-02-09,Silver Oak University,M.Sc IT
GR0517,Isha Sharma,isha.sharma98@example.com,+91 8254929170,Graphic | Video Editing,RWBH1 - Bharuch,2026-02-07,MSU Baroda,MCA
GR0518,Tara Joshi,tara.joshi13@example.com,+91 8071669526,AI/ML & Data Science,RWA5 - Chandkheda,2026-02-27,VNSGU,BBA
GR0519,Diya Joshi,diya.joshi97@example.com,+91 9740667341,Graphic | UI/UX,RWA6 - Vastral,2026-02-04,L.D. College of Engineering,B.Com
GR0520,Ramesh Vyas,ramesh.vyas31@example.com,+91 6792327947,AI/ML & Data Science,RWA2 - Navrangpura,2026-02-07,L.D. College of Engineering,BCA
GR0521,Amit Verma,amit.verma26@example.com,+91 8911995533,Video Editing | 3D Animation,RWA5 - Chandkheda,2026-02-18,Silver Oak University,BCA
GR0522,Rahul Rathod,rahul.rathod46@example.com,+91 8141776214,Video Editing | 3D Animation,RWVN1 - Vidhyanagar,2026-02-23,DDU,B.Tech Computer Science
GR0523,Kavya Vyas,kavya.vyas71@example.com,+91 8794511164,Graphic | UI/UX,RWA3 - Maninagar,2026-02-27,MSU Baroda,MCA
GR0524,Amit Joshi,amit.joshi48@example.com,+91 7625419011,Graphic | UI/UX,RWVN1 - Vidhyanagar,2026-02-07,DDU,MCA
GR0525,Aarav Vyas,aarav.vyas58@example.com,+91 8977919955,AI/ML & Data Science,RW7 - Vesu,2026-02-07,RK University,Diploma in IT
GR0526,Amit Joshi,amit.joshi93@example.com,+91 6454312942,Full Stack Development,RWVN1 - Vidhyanagar,2026-02-03,RK University,Diploma in IT
GR0527,Isha Mehta,isha.mehta82@example.com,+91 8333217823,Graphic | Video Editing,RW2 - Yogi Chowk,2026-02-03,SVNIT,BBA
GR0528,Rahul Verma,rahul.verma85@example.com,+91 7780818349,Video Editing | 3D Animation,RWBH1 - Bharuch,2026-02-24,Nirma University,M.Sc IT
GR0529,Aditya Kumar,aditya.kumar58@example.com,+91 9924012374,AI/ML & Data Science,RWA1 - Nikol,2026-02-10,Gujarat University,M.Sc IT
GR0530,Arjun Gupta,arjun.gupta41@example.com,+91 8757539340,Graphic | Video Editing,RWBH1 - Bharuch,2026-02-09,Marwadi University,B.Tech Computer Science
GR0531,Riya Gupta,riya.gupta57@example.com,+91 6318258137,Full Stack Development,RWVN1 - Vidhyanagar,2026-02-14,VNSGU,BBA
GR0532,Ramesh Trivedi,ramesh.trivedi55@example.com,+91 7127117415,Full Stack Development,RWA4 - Bopal,2026-02-16,RK University,BBA
GR0533,Ayaan Joshi,ayaan.joshi14@example.com,+91 9315216343,Graphic | Video Editing,RWGN1 - Gandhinagar,2026-02-01,SVNIT,B.Tech Computer Science
GR0534,Aditya Mehta,aditya.mehta98@example.com,+91 8340367894,Graphic | Video Editing,RW5 - Ved Road,2026-02-24,MSU Baroda,M.Sc IT
GR0535,Sai Patel,sai.patel17@example.com,+91 7504898237,Graphic | UI/UX,RW4 - Mota Varachha,2026-02-20,RK University,B.Sc IT
GR0536,Ishaan Chauhan,ishaan.chauhan77@example.com,+91 6474939262,Graphic | UI/UX,RWA1 - Nikol,2026-02-27,L.D. College of Engineering,B.Tech Computer Science
GR0537,Pooja Desai,pooja.desai85@example.com,+91 7803739710,Video Editing | 3D Animation,RWNV1 - Navshari,2026-02-15,Gujarat University,B.Com
GR0538,Vihaan Shah,vihaan.shah66@example.com,+91 9384604165,Graphic | UI/UX,RWMH - Maheshana,2026-02-23,VNSGU,BBA
GR0539,Tara Singh,tara.singh84@example.com,+91 6511147782,Video Editing | 3D Animation,RWA5 - Chandkheda,2026-02-18,RK University,BBA
GR0540,Neha Chauhan,neha.chauhan13@example.com,+91 6512243372,Video Editing | 3D Animation,RWA3 - Maninagar,2026-02-23,Marwadi University,M.Sc IT
GR0541,Sai Patel,sai.patel46@example.com,+91 6591322871,Graphic | UI/UX,RWAM1 - Amreli,2026-02-03,SVNIT,BBA
GR0542,Ishaan Shah,ishaan.shah14@example.com,+91 9020799279,Video Editing | 3D Animation,RWAM1 - Amreli,2026-02-01,Gujarat University,BBA
GR0543,Amit Verma,amit.verma62@example.com,+91 8625304140,Full Stack Development,RW4 - Mota Varachha,2026-02-09,Gujarat University,Diploma in IT
GR0544,Aditya Verma,aditya.verma87@example.com,+91 9786413183,Graphic | Video Editing,RWNV1 - Navshari,2026-02-08,VNSGU,Diploma in IT
GR0545,Amit Verma,amit.verma89@example.com,+91 7707430765,AI/ML & Data Science,RW8 - Dindoli,2026-02-16,Silver Oak University,B.Com
GR0546,Krishna Patel,krishna.patel73@example.com,+91 6634161435,AI/ML & Data Science,RW8 - Dindoli,2026-02-28,Nirma University,BCA
GR0547,Riya Kumar,riya.kumar13@example.com,+91 6520186416,Video Editing | 3D Animation,RWA5 - Chandkheda,2026-02-20,DDU,B.Sc IT
GR0548,Diya Patel,diya.patel72@example.com,+91 9611268086,Graphic | Video Editing,RWNV1 - Navshari,2026-02-17,MSU Baroda,BBA
GR0549,Vikram Chauhan,vikram.chauhan90@example.com,+91 6657523862,Full Stack Development,RW7 - Vesu,2026-02-17,L.D. College of Engineering,MCA
GR0550,Aarav Parmar,aarav.parmar51@example.com,+91 9486544359,AI/ML & Data Science,RW2 - Yogi Chowk,2026-02-23,DDU,Diploma in IT
GR0551,Aditya Trivedi,aditya.trivedi94@example.com,+91 6173638576,Video Editing | 3D Animation,RWA6 - Vastral,2026-02-13,Marwadi University,B.Sc IT
GR0552,Pooja Shah,pooja.shah96@example.com,+91 8486572713,Graphic | Video Editing,RWA1 - Nikol,2026-02-20,DDU,B.Com
GR0553,Sai Singh,sai.singh95@example.com,+91 8331048656,AI/ML & Data Science,RW1 - A.K Road,2026-02-22,Silver Oak University,B.Sc IT
GR0554,Rahul Patel,rahul.patel97@example.com,+91 7086231453,Full Stack Development,RWJN1 - Junagadh,2026-02-25,RK University,B.Sc IT
GR0555,Isha Sharma,isha.sharma77@example.com,+91 9761594023,AI/ML & Data Science,RWBN - Bhavnagar,2026-02-27,L.D. College of Engineering,MCA
GR0556,Vikram Sharma,vikram.sharma51@example.com,+91 7782441978,Full Stack Development,RW6 - Adajan,2026-02-28,SVNIT,BBA
GR0557,Diya Verma,diya.verma18@example.com,+91 6199505318,Full Stack Development,RW1 - A.K Road,2026-02-11,RK University,B.Sc IT
GR0558,Aditya Rathod,aditya.rathod31@example.com,+91 8223842325,Graphic | Video Editing,RW7 - Vesu,2026-02-17,DDU,Diploma in IT
GR0559,Vihaan Singh,vihaan.singh11@example.com,+91 7869026889,AI/ML & Data Science,RWA5 - Chandkheda,2026-02-16,Silver Oak University,B.Sc IT
GR0560,Sai Chauhan,sai.chauhan32@example.com,+91 7550009107,Full Stack Development,RWJN1 - Junagadh,2026-02-18,Silver Oak University,MCA
GR0561,Sai Gupta,sai.gupta81@example.com,+91 6012218263,Graphic | UI/UX,RWJN1 - Junagadh,2026-02-28,Marwadi University,MCA
GR0562,Vihaan Trivedi,vihaan.trivedi34@example.com,+91 6864821125,AI/ML & Data Science,RWBH1 - Bharuch,2026-02-20,RK University,B.Com
GR0563,Vihaan Rathod,vihaan.rathod50@example.com,+91 8489727211,Full Stack Development,RW6 - Adajan,2026-02-07,Marwadi University,B.Sc IT
GR0564,Arjun Rathod,arjun.rathod31@example.com,+91 6300429226,AI/ML & Data Science,RWBN - Bhavnagar,2026-02-24,SVNIT,Diploma in IT
GR0565,Arjun Rathod,arjun.rathod81@example.com,+91 8693119709,Graphic | Video Editing,RWJN1 - Junagadh,2026-02-25,Silver Oak University,BBA
GR0566,Neha Vyas,neha.vyas91@example.com,+91 7263530549,Graphic | UI/UX,RWA2 - Navrangpura,2026-02-11,Marwadi University,MCA
GR0567,Diya Mehta,diya.mehta57@example.com,+91 6004006379,Full Stack Development,RW8 - Dindoli,2026-02-05,Gujarat University,BCA
GR0568,Riya Desai,riya.desai73@example.com,+91 8623802587,Video Editing | 3D Animation,RW8 - Dindoli,2026-02-01,L.D. College of Engineering,Diploma in IT
GR0569,Diya Chauhan,diya.chauhan43@example.com,+91 9401772891,Graphic | UI/UX,RWR1 - Kotecha,2026-02-11,SVNIT,Diploma in IT
GR0570,Diya Sharma,diya.sharma87@example.com,+91 7207740261,Video Editing | 3D Animation,RWBN - Bhavnagar,2026-02-12,VNSGU,M.Sc IT
GR0571,Shaurya Shah,shaurya.shah78@example.com,+91 9900834393,Full Stack Development,RW5 - Ved Road,2026-02-22,L.D. College of Engineering,BCA
GR0572,Rahul Shah,rahul.shah36@example.com,+91 8728248272,Graphic | UI/UX,RWSON - Online,2026-02-02,VNSGU,Diploma in IT
GR0573,Kriti Trivedi,kriti.trivedi67@example.com,+91 7590456778,AI/ML & Data Science,RWR2 - Mavdi,2026-02-04,Silver Oak University,BCA
GR0574,Ramesh Shah,ramesh.shah77@example.com,+91 6051045942,Graphic | UI/UX,RWA6 - Vastral,2026-02-26,L.D. College of Engineering,B.Com
GR0575,Ishaan Joshi,ishaan.joshi90@example.com,+91 7294886769,Graphic | UI/UX,RW4 - Mota Varachha,2026-02-22,VNSGU,MCA
GR0576,Ayaan Rathod,ayaan.rathod28@example.com,+91 9137881085,AI/ML & Data Science,RWBN - Bhavnagar,2026-02-18,SVNIT,BBA
GR0577,Riya Singh,riya.singh50@example.com,+91 6553947343,Graphic | UI/UX,RWSON - Online,2026-02-01,Silver Oak University,B.Sc IT
GR0578,Kriti Sharma,kriti.sharma96@example.com,+91 7955090750,Graphic | Video Editing,RWMH - Maheshana,2026-02-07,MSU Baroda,B.Tech Computer Science
GR0579,Ayaan Mehta,ayaan.mehta75@example.com,+91 8135183577,Graphic | Video Editing,RWNV1 - Navshari,2026-02-07,RK University,B.Sc IT
GR0580,Kavya Singh,kavya.singh91@example.com,+91 9444961124,AI/ML & Data Science,RWBN - Bhavnagar,2026-02-02,Silver Oak University,BBA
GR0581,Aditya Joshi,aditya.joshi70@example.com,+91 6310818854,Full Stack Development,RWA4 - Bopal,2026-02-06,L.D. College of Engineering,M.Sc IT
GR0582,Vihaan Joshi,vihaan.joshi18@example.com,+91 7852194538,Graphic | Video Editing,RWJN1 - Junagadh,2026-02-08,VNSGU,Diploma in IT
GR0583,Riya Kumar,riya.kumar26@example.com,+91 7149361803,Graphic | Video Editing,RWAM1 - Amreli,2026-02-20,RK University,BBA
GR0584,Amit Joshi,amit.joshi47@example.com,+91 9382159941,Graphic | Video Editing,RW6 - Adajan,2026-02-18,Nirma University,M.Sc IT
GR0585,Diya Chauhan,diya.chauhan91@example.com,+91 7401827410,Video Editing | 3D Animation,RW2 - Yogi Chowk,2026-02-20,L.D. College of Engineering,B.Sc IT
GR0586,Vivaan Desai,vivaan.desai97@example.com,+91 6220334937,Graphic | Video Editing,RWBH1 - Bharuch,2026-02-19,L.D. College of Engineering,B.Tech Computer Science
GR0587,Arjun Chauhan,arjun.chauhan48@example.com,+91 8605381709,Full Stack Development,RW1 - A.K Road,2026-02-09,VNSGU,BCA
GR0588,Rahul Shah,rahul.shah88@example.com,+91 6734755918,Graphic | UI/UX,RW8 - Dindoli,2026-02-25,VNSGU,Diploma in IT
GR0589,Vihaan Patel,vihaan.patel62@example.com,+91 6601858154,Graphic | Video Editing,RWR1 - Kotecha,2026-02-22,L.D. College of Engineering,BCA
GR0590,Ramesh Kumar,ramesh.kumar40@example.com,+91 8387675273,Graphic | UI/UX,RWA4 - Bopal,2026-02-07,L.D. College of Engineering,B.Com
GR0591,Diya Gupta,diya.gupta87@example.com,+91 7906680602,Full Stack Development,RWA1 - Nikol,2026-02-02,L.D. College of Engineering,B.Sc IT
GR0592,Isha Rathod,isha.rathod31@example.com,+91 7919715675,Graphic | UI/UX,RWA6 - Vastral,2026-02-22,Nirma University,M.Sc IT
GR0593,Vikram Desai,vikram.desai53@example.com,+91 9938432521,Graphic | UI/UX,RWR2 - Mavdi,2026-02-27,RK University,BBA
GR0594,Shaurya Verma,shaurya.verma75@example.com,+91 7513964607,Video Editing | 3D Animation,RWNV1 - Navshari,2026-02-15,L.D. College of Engineering,MCA
GR0595,Riya Kumar,riya.kumar54@example.com,+91 6166868063,AI/ML & Data Science,RWGN1 - Gandhinagar,2026-02-18,VNSGU,BCA
GR0596,Riya Chauhan,riya.chauhan16@example.com,+91 7319120563,AI/ML & Data Science,RW8 - Dindoli,2026-02-20,Gujarat University,M.Sc IT
GR0597,Tara Singh,tara.singh14@example.com,+91 7355904750,AI/ML & Data Science,RWMH - Maheshana,2026-02-12,VNSGU,MCA
GR0598,Kriti Kumar,kriti.kumar27@example.com,+91 7969548202,Graphic | UI/UX,RWR1 - Kotecha,2026-02-28,Silver Oak University,B.Tech Computer Science
GR0599,Vikram Singh,vikram.singh27@example.com,+91 9419350177,Full Stack Development,RWVN1 - Vidhyanagar,2026-02-02,Nirma University,B.Sc IT
GR0600,Arjun Mehta,arjun.mehta45@example.com,+91 9629318449,Video Editing | 3D Animation,RWAM1 - Amreli,2026-02-16,MSU Baroda,MCA
GR0601,Maya Kumar,maya.kumar66@example.com,+91 7155849948,Graphic | Video Editing,RWSON - Online,2026-02-02,Marwadi University,B.Sc IT
GR0602,Kriti Mehta,kriti.mehta84@example.com,+91 6479506799,Full Stack Development,RW4 - Mota Varachha,2026-02-05,MSU Baroda,B.Tech Computer Science
GR0603,Kriti Patel,kriti.patel67@example.com,+91 6200155782,Graphic | UI/UX,RWJN1 - Junagadh,2026-02-11,Silver Oak University,BBA
GR0604,Sai Patel,sai.patel97@example.com,+91 9068139412,AI/ML & Data Science,RWNV1 - Navshari,2026-02-06,MSU Baroda,MCA
GR0605,Isha Desai,isha.desai33@example.com,+91 8980152261,Graphic | UI/UX,RWJN1 - Junagadh,2026-02-19,MSU Baroda,MCA
GR0606,Kavya Mehta,kavya.mehta50@example.com,+91 6512656950,AI/ML & Data Science,RWA4 - Bopal,2026-02-14,DDU,B.Tech Computer Science
GR0607,Vihaan Chauhan,vihaan.chauhan53@example.com,+91 9355905086,AI/ML & Data Science,RW5 - Ved Road,2026-02-21,SVNIT,MCA
GR0608,Ramesh Desai,ramesh.desai99@example.com,+91 8724868815,Graphic | Video Editing,RWVN1 - Vidhyanagar,2026-02-09,Nirma University,B.Com
GR0609,Riya Patel,riya.patel12@example.com,+91 6013383792,AI/ML & Data Science,RWJN1 - Junagadh,2026-02-26,L.D. College of Engineering,M.Sc IT
GR0610,Arjun Rathod,arjun.rathod32@example.com,+91 6683235541,AI/ML & Data Science,RWA2 - Navrangpura,2026-02-15,L.D. College of Engineering,B.Tech Computer Science
GR0611,Maya Shah,maya.shah77@example.com,+91 6658493748,Graphic | Video Editing,RWNV1 - Navshari,2026-02-07,MSU Baroda,BCA
GR0612,Ayaan Verma,ayaan.verma16@example.com,+91 8754999732,AI/ML & Data Science,RW4 - Mota Varachha,2026-02-27,Nirma University,B.Tech Computer Science
GR0613,Neha Parmar,neha.parmar26@example.com,+91 8414807699,Graphic | UI/UX,RWR1 - Kotecha,2026-02-24,VNSGU,BBA
GR0614,Isha Parmar,isha.parmar34@example.com,+91 6201001573,Graphic | Video Editing,RWR1 - Kotecha,2026-02-14,RK University,B.Sc IT
GR0615,Vikram Patel,vikram.patel76@example.com,+91 8144888917,AI/ML & Data Science,RWA4 - Bopal,2026-02-08,L.D. College of Engineering,B.Tech Computer Science
GR0616,Ramesh Patel,ramesh.patel64@example.com,+91 8069994343,Graphic | UI/UX,RW1 - A.K Road,2026-02-20,L.D. College of Engineering,B.Sc IT
GR0617,Vikram Chauhan,vikram.chauhan68@example.com,+91 6483244702,Graphic | Video Editing,RWA2 - Navrangpura,2026-02-08,Silver Oak University,B.Com
GR0618,Pooja Kumar,pooja.kumar49@example.com,+91 9440980252,Full Stack Development,RW6 - Adajan,2026-02-26,SVNIT,B.Tech Computer Science
GR0619,Suresh Sharma,suresh.sharma58@example.com,+91 8592375163,Full Stack Development,RWR1 - Kotecha,2026-02-08,Gujarat University,B.Sc IT
GR0620,Sai Trivedi,sai.trivedi90@example.com,+91 6657031877,Video Editing | 3D Animation,RWAM1 - Amreli,2026-02-15,SVNIT,MCA
GR0621,Krishna Singh,krishna.singh36@example.com,+91 8479795116,AI/ML & Data Science,RWNV1 - Navshari,2026-02-07,MSU Baroda,BBA
GR0622,Kavya Chauhan,kavya.chauhan65@example.com,+91 8874421258,Graphic | Video Editing,RWJN1 - Junagadh,2026-02-20,SVNIT,BBA
GR0623,Suresh Joshi,suresh.joshi59@example.com,+91 6567694756,Graphic | UI/UX,RWA6 - Vastral,2026-02-05,Nirma University,M.Sc IT
GR0624,Ayaan Kumar,ayaan.kumar30@example.com,+91 9824141580,AI/ML & Data Science,RWGN1 - Gandhinagar,2026-02-09,DDU,BBA
GR0625,Aditya Kumar,aditya.kumar22@example.com,+91 8454075642,Graphic | Video Editing,RWA1 - Nikol,2026-02-21,Gujarat University,Diploma in IT
GR0626,Kavya Vyas,kavya.vyas51@example.com,+91 6950095844,Full Stack Development,RWAM1 - Amreli,2026-02-14,Silver Oak University,Diploma in IT
GR0627,Tara Trivedi,tara.trivedi24@example.com,+91 6208237067,Graphic | Video Editing,RW5 - Ved Road,2026-02-12,Gujarat University,BBA
GR0628,Arjun Joshi,arjun.joshi17@example.com,+91 6361548240,Graphic | Video Editing,RW2 - Yogi Chowk,2026-02-07,SVNIT,BBA
GR0629,Sneha Shah,sneha.shah50@example.com,+91 8280241440,Video Editing | 3D Animation,RW4 - Mota Varachha,2026-02-20,RK University,BBA
GR0630,Isha Trivedi,isha.trivedi19@example.com,+91 9049512891,Full Stack Development,RWA2 - Navrangpura,2026-02-11,MSU Baroda,BCA
GR0631,Diya Shah,diya.shah86@example.com,+91 9808217806,AI/ML & Data Science,RWA6 - Vastral,2026-02-12,Nirma University,BBA
GR0632,Kriti Mehta,kriti.mehta47@example.com,+91 9049141563,AI/ML & Data Science,RW7 - Vesu,2026-02-03,Nirma University,Diploma in IT
GR0633,Vihaan Desai,vihaan.desai54@example.com,+91 8931167514,Graphic | UI/UX,RWA1 - Nikol,2026-02-17,Silver Oak University,M.Sc IT
GR0634,Neha Joshi,neha.joshi47@example.com,+91 8946009070,Video Editing | 3D Animation,RW6 - Adajan,2026-02-19,Silver Oak University,Diploma in IT
GR0635,Diya Mehta,diya.mehta63@example.com,+91 6852000794,Full Stack Development,RWR1 - Kotecha,2026-02-05,VNSGU,M.Sc IT
GR0636,Amit Trivedi,amit.trivedi22@example.com,+91 7134585453,Graphic | UI/UX,RWAM1 - Amreli,2026-02-18,Nirma University,B.Sc IT
GR0637,Sai Singh,sai.singh68@example.com,+91 9018137017,Video Editing | 3D Animation,RWGN1 - Gandhinagar,2026-02-27,SVNIT,BCA
GR0638,Kriti Trivedi,kriti.trivedi77@example.com,+91 8039617710,Full Stack Development,RWA5 - Chandkheda,2026-02-28,RK University,B.Sc IT
GR0639,Ramesh Desai,ramesh.desai73@example.com,+91 6789010103,Full Stack Development,RW4 - Mota Varachha,2026-02-16,Marwadi University,B.Sc IT
GR0640,Kriti Parmar,kriti.parmar11@example.com,+91 9165038928,Graphic | UI/UX,RWMH - Maheshana,2026-02-17,SVNIT,MCA
GR0641,Pooja Desai,pooja.desai99@example.com,+91 9145629952,AI/ML & Data Science,RWR2 - Mavdi,2026-02-23,Silver Oak University,B.Sc IT
GR0642,Kavya Trivedi,kavya.trivedi73@example.com,+91 8026945138,Video Editing | 3D Animation,RWNV1 - Navshari,2026-02-25,Nirma University,B.Sc IT
GR0643,Arjun Singh,arjun.singh16@example.com,+91 9126232419,Full Stack Development,RWA3 - Maninagar,2026-02-18,Silver Oak University,MCA
GR0644,Shaurya Mehta,shaurya.mehta91@example.com,+91 6879577808,AI/ML & Data Science,RWBH1 - Bharuch,2026-02-13,VNSGU,M.Sc IT
GR0645,Ayaan Singh,ayaan.singh45@example.com,+91 7614679526,AI/ML & Data Science,RWSON - Online,2026-02-28,Silver Oak University,Diploma in IT
GR0646,Diya Joshi,diya.joshi24@example.com,+91 6285957841,Video Editing | 3D Animation,RWNV1 - Navshari,2026-02-22,L.D. College of Engineering,B.Sc IT
GR0647,Ramesh Trivedi,ramesh.trivedi37@example.com,+91 7127245592,Graphic | UI/UX,RWMH - Maheshana,2026-02-17,L.D. College of Engineering,B.Tech Computer Science
GR0648,Kavya Patel,kavya.patel31@example.com,+91 8557877377,Graphic | Video Editing,RWAM1 - Amreli,2026-02-04,Gujarat University,BCA
GR0649,Ayaan Rathod,ayaan.rathod16@example.com,+91 8657828105,Full Stack Development,RWNV1 - Navshari,2026-02-05,L.D. College of Engineering,Diploma in IT
GR0650,Isha Trivedi,isha.trivedi28@example.com,+91 8655573535,Video Editing | 3D Animation,RWR2 - Mavdi,2026-02-27,L.D. College of Engineering,B.Sc IT
GR0651,Pooja Joshi,pooja.joshi23@example.com,+91 9342019445,Full Stack Development,RWA1 - Nikol,2026-02-09,L.D. College of Engineering,M.Sc IT
GR0652,Rahul Patel,rahul.patel17@example.com,+91 6429144397,Graphic | UI/UX,RWA4 - Bopal,2026-02-19,Nirma University,B.Com
GR0653,Tara Parmar,tara.parmar56@example.com,+91 8336435899,AI/ML & Data Science,RWA5 - Chandkheda,2026-02-18,Marwadi University,BCA
GR0654,Vikram Gupta,vikram.gupta20@example.com,+91 9184948220,Video Editing | 3D Animation,RW5 - Ved Road,2026-02-11,Nirma University,B.Com
GR0655,Arjun Rathod,arjun.rathod21@example.com,+91 8981975351,Graphic | UI/UX,RWA1 - Nikol,2026-02-16,VNSGU,B.Tech Computer Science
GR0656,Ramesh Vyas,ramesh.vyas96@example.com,+91 7264147627,Full Stack Development,RW6 - Adajan,2026-02-20,Nirma University,MCA
GR0657,Krishna Kumar,krishna.kumar82@example.com,+91 9060285612,AI/ML & Data Science,RWR2 - Mavdi,2026-02-19,Gujarat University,M.Sc IT
GR0658,Tara Vyas,tara.vyas76@example.com,+91 7802129839,AI/ML & Data Science,RWNV1 - Navshari,2026-02-01,Nirma University,Diploma in IT
GR0659,Ramesh Mehta,ramesh.mehta71@example.com,+91 8884620466,Graphic | UI/UX,RWA5 - Chandkheda,2026-02-13,Marwadi University,B.Tech Computer Science
GR0660,Pooja Gupta,pooja.gupta25@example.com,+91 8595806216,Graphic | Video Editing,RWSON - Online,2026-02-23,Gujarat University,Diploma in IT
GR0661,Maya Chauhan,maya.chauhan54@example.com,+91 9042179128,Graphic | UI/UX,RW4 - Mota Varachha,2026-02-06,Gujarat University,MCA
GR0662,Vikram Joshi,vikram.joshi93@example.com,+91 9517427399,Video Editing | 3D Animation,RWA5 - Chandkheda,2026-02-20,Nirma University,B.Tech Computer Science
GR0663,Arjun Mehta,arjun.mehta45@example.com,+91 6519989093,Video Editing | 3D Animation,RWVN1 - Vidhyanagar,2026-02-15,Silver Oak University,Diploma in IT
GR0664,Neha Sharma,neha.sharma77@example.com,+91 8781652616,AI/ML & Data Science,RWA5 - Chandkheda,2026-02-04,SVNIT,B.Tech Computer Science
GR0665,Pooja Parmar,pooja.parmar52@example.com,+91 8703558139,AI/ML & Data Science,RWSON - Online,2026-02-21,Nirma University,Diploma in IT
GR0666,Arjun Singh,arjun.singh48@example.com,+91 8932011737,Full Stack Development,RWR1 - Kotecha,2026-02-16,Nirma University,BBA
GR0667,Sneha Patel,sneha.patel37@example.com,+91 6278673259,Graphic | UI/UX,RWA2 - Navrangpura,2026-02-24,DDU,B.Tech Computer Science
GR0668,Kavya Sharma,kavya.sharma63@example.com,+91 9388808094,Full Stack Development,RWR1 - Kotecha,2026-02-02,MSU Baroda,MCA
GR0669,Shaurya Singh,shaurya.singh56@example.com,+91 9435138970,Graphic | Video Editing,RWJN1 - Junagadh,2026-02-16,Marwadi University,M.Sc IT
GR0670,Krishna Shah,krishna.shah45@example.com,+91 9923054708,Video Editing | 3D Animation,RW7 - Vesu,2026-02-23,MSU Baroda,B.Tech Computer Science
GR0671,Pooja Patel,pooja.patel84@example.com,+91 6463604261,Graphic | Video Editing,RW1 - A.K Road,2026-02-04,Silver Oak University,B.Com
GR0672,Riya Singh,riya.singh84@example.com,+91 8301472317,Video Editing | 3D Animation,RWA1 - Nikol,2026-02-28,Nirma University,B.Sc IT
GR0673,Sai Desai,sai.desai73@example.com,+91 7604177092,Full Stack Development,RW2 - Yogi Chowk,2026-02-19,L.D. College of Engineering,B.Sc IT
GR0674,Amit Vyas,amit.vyas30@example.com,+91 6050808959,Graphic | Video Editing,RWA2 - Navrangpura,2026-02-21,L.D. College of Engineering,B.Sc IT
GR0675,Ishaan Chauhan,ishaan.chauhan20@example.com,+91 9690647496,Video Editing | 3D Animation,RWNV1 - Navshari,2026-02-19,MSU Baroda,B.Com
GR0676,Suresh Chauhan,suresh.chauhan92@example.com,+91 8449274830,Full Stack Development,RW5 - Ved Road,2026-02-07,SVNIT,B.Sc IT
GR0677,Arjun Desai,arjun.desai56@example.com,+91 9405437160,Full Stack Development,RW8 - Dindoli,2026-02-20,DDU,Diploma in IT
GR0678,Maya Vyas,maya.vyas54@example.com,+91 9833344362,AI/ML & Data Science,RWA5 - Chandkheda,2026-02-17,VNSGU,MCA
GR0679,Vivaan Joshi,vivaan.joshi52@example.com,+91 6594550319,AI/ML & Data Science,RWA3 - Maninagar,2026-02-26,VNSGU,B.Sc IT
GR0680,Ishaan Chauhan,ishaan.chauhan35@example.com,+91 6319572673,Full Stack Development,RWBN - Bhavnagar,2026-02-07,Gujarat University,Diploma in IT
GR0681,Kavya Trivedi,kavya.trivedi92@example.com,+91 9565801427,Graphic | Video Editing,RWNV1 - Navshari,2026-02-27,VNSGU,B.Com
GR0682,Tara Shah,tara.shah43@example.com,+91 7491265807,Video Editing | 3D Animation,RW2 - Yogi Chowk,2026-02-15,Silver Oak University,B.Sc IT
GR0683,Krishna Patel,krishna.patel19@example.com,+91 9299346310,Graphic | Video Editing,RWA3 - Maninagar,2026-02-23,RK University,BCA
GR0684,Amit Parmar,amit.parmar74@example.com,+91 8973113552,Full Stack Development,RWNV1 - Navshari,2026-02-27,Gujarat University,MCA
GR0685,Aarav Singh,aarav.singh23@example.com,+91 6058104118,Graphic | Video Editing,RWAM1 - Amreli,2026-02-11,RK University,B.Com
GR0686,Rahul Patel,rahul.patel92@example.com,+91 7864873980,Graphic | Video Editing,RW7 - Vesu,2026-02-21,Nirma University,B.Tech Computer Science
GR0687,Diya Gupta,diya.gupta84@example.com,+91 6411576675,Video Editing | 3D Animation,RW8 - Dindoli,2026-02-24,RK University,B.Com
GR0688,Diya Verma,diya.verma28@example.com,+91 8889672001,Graphic | UI/UX,RWNV1 - Navshari,2026-02-14,L.D. College of Engineering,B.Tech Computer Science
GR0689,Sneha Gupta,sneha.gupta57@example.com,+91 7037536162,AI/ML & Data Science,RWA1 - Nikol,2026-02-14,DDU,Diploma in IT
GR0690,Diya Chauhan,diya.chauhan56@example.com,+91 9899356300,Full Stack Development,RWGN1 - Gandhinagar,2026-02-23,DDU,MCA
GR0691,Aditya Sharma,aditya.sharma65@example.com,+91 6294497057,AI/ML & Data Science,RW7 - Vesu,2026-02-24,MSU Baroda,MCA
GR0692,Neha Patel,neha.patel51@example.com,+91 7832568882,Video Editing | 3D Animation,RWA3 - Maninagar,2026-02-15,L.D. College of Engineering,BBA
GR0693,Isha Joshi,isha.joshi42@example.com,+91 6340435035,AI/ML & Data Science,RWGN1 - Gandhinagar,2026-02-27,Nirma University,BBA
GR0694,Suresh Gupta,suresh.gupta99@example.com,+91 6330478329,Full Stack Development,RWNV1 - Navshari,2026-02-04,Gujarat University,Diploma in IT
GR0695,Amit Rathod,amit.rathod68@example.com,+91 9160419154,Full Stack Development,RW5 - Ved Road,2026-02-04,MSU Baroda,BBA
GR0696,Tara Sharma,tara.sharma51@example.com,+91 8371709534,Video Editing | 3D Animation,RW6 - Adajan,2026-02-12,Marwadi University,MCA
GR0697,Pooja Patel,pooja.patel71@example.com,+91 8988439402,Video Editing | 3D Animation,RWAM1 - Amreli,2026-02-01,Silver Oak University,BCA
GR0698,Arjun Rathod,arjun.rathod11@example.com,+91 8100550889,Video Editing | 3D Animation,RW7 - Vesu,2026-02-17,DDU,BCA
GR0699,Shaurya Sharma,shaurya.sharma59@example.com,+91 6038417572,Video Editing | 3D Animation,RWA6 - Vastral,2026-02-04,Marwadi University,B.Sc IT
GR0700,Kriti Verma,kriti.verma22@example.com,+91 9715452020,AI/ML & Data Science,RWA1 - Nikol,2026-02-02,RK University,Diploma in IT
GR0701,Kavya Singh,kavya.singh84@example.com,+91 7794865396,Graphic | Video Editing,RWAM1 - Amreli,2026-02-24,MSU Baroda,M.Sc IT
GR0702,Shaurya Gupta,shaurya.gupta20@example.com,+91 6840375363,Graphic | Video Editing,RWVN1 - Vidhyanagar,2026-02-25,VNSGU,B.Tech Computer Science
GR0703,Sai Trivedi,sai.trivedi75@example.com,+91 9125466162,Video Editing | 3D Animation,RWMH - Maheshana,2026-02-21,VNSGU,Diploma in IT
GR0704,Aarav Joshi,aarav.joshi51@example.com,+91 6146677528,Graphic | UI/UX,RW2 - Yogi Chowk,2026-02-10,Silver Oak University,Diploma in IT
GR0705,Sai Verma,sai.verma57@example.com,+91 8343606153,Graphic | UI/UX,RW6 - Adajan,2026-02-24,SVNIT,B.Com
GR0706,Amit Chauhan,amit.chauhan54@example.com,+91 7107629818,Graphic | UI/UX,RW8 - Dindoli,2026-02-20,DDU,M.Sc IT
GR0707,Suresh Patel,suresh.patel45@example.com,+91 8369634989,Full Stack Development,RWAM1 - Amreli,2026-02-24,SVNIT,M.Sc IT
GR0708,Amit Rathod,amit.rathod36@example.com,+91 8461933742,Graphic | UI/UX,RWVN1 - Vidhyanagar,2026-02-20,Gujarat University,B.Com
GR0709,Ishaan Patel,ishaan.patel39@example.com,+91 6202277973,Graphic | UI/UX,RWBN - Bhavnagar,2026-02-03,MSU Baroda,BBA
GR0710,Aarav Parmar,aarav.parmar26@example.com,+91 9740075303,Graphic | Video Editing,RWVN1 - Vidhyanagar,2026-02-04,Marwadi University,B.Com
GR0711,Vivaan Joshi,vivaan.joshi71@example.com,+91 8206008549,Video Editing | 3D Animation,RWA2 - Navrangpura,2026-02-03,VNSGU,B.Sc IT
GR0712,Vihaan Singh,vihaan.singh38@example.com,+91 6249341133,Graphic | UI/UX,RWJN1 - Junagadh,2026-02-23,DDU,B.Tech Computer Science
GR0713,Sneha Gupta,sneha.gupta24@example.com,+91 6461094517,Graphic | UI/UX,RWVN1 - Vidhyanagar,2026-02-13,MSU Baroda,BBA
GR0714,Amit Chauhan,amit.chauhan59@example.com,+91 8692383764,Graphic | Video Editing,RW1 - A.K Road,2026-02-25,Silver Oak University,Diploma in IT
GR0715,Shaurya Verma,shaurya.verma44@example.com,+91 6315082654,Graphic | Video Editing,RWMH - Maheshana,2026-02-21,SVNIT,B.Sc IT
GR0716,Ishaan Desai,ishaan.desai54@example.com,+91 6449396005,AI/ML & Data Science,RWAM1 - Amreli,2026-02-17,RK University,B.Sc IT
GR0717,Ramesh Shah,ramesh.shah19@example.com,+91 9042846575,Video Editing | 3D Animation,RWA5 - Chandkheda,2026-02-18,MSU Baroda,M.Sc IT
GR0718,Amit Shah,amit.shah19@example.com,+91 6056815943,Video Editing | 3D Animation,RWA1 - Nikol,2026-02-12,VNSGU,BCA
GR0719,Kavya Vyas,kavya.vyas71@example.com,+91 8353683894,Graphic | Video Editing,RWA1 - Nikol,2026-02-27,RK University,B.Com
GR0720,Aditya Patel,aditya.patel20@example.com,+91 9540213848,AI/ML & Data Science,RWA6 - Vastral,2026-02-28,Silver Oak University,BBA
GR0721,Suresh Kumar,suresh.kumar94@example.com,+91 9772627177,Graphic | UI/UX,RWAM1 - Amreli,2026-02-07,RK University,BCA
GR0722,Sneha Verma,sneha.verma41@example.com,+91 9056261629,Full Stack Development,RWBH1 - Bharuch,2026-02-24,Silver Oak University,B.Sc IT
GR0723,Diya Kumar,diya.kumar77@example.com,+91 7372195919,Graphic | UI/UX,RWR1 - Kotecha,2026-02-18,Silver Oak University,Diploma in IT
GR0724,Rahul Vyas,rahul.vyas63@example.com,+91 6170043919,Video Editing | 3D Animation,RWBN - Bhavnagar,2026-02-23,Nirma University,MCA
GR0725,Kriti Gupta,kriti.gupta30@example.com,+91 7841393816,Graphic | Video Editing,RWA2 - Navrangpura,2026-02-20,RK University,MCA
GR0726,Krishna Patel,krishna.patel20@example.com,+91 6811267568,Full Stack Development,RWAM1 - Amreli,2026-02-09,DDU,MCA
GR0727,Amit Shah,amit.shah27@example.com,+91 7126467100,Full Stack Development,RW4 - Mota Varachha,2026-02-13,DDU,Diploma in IT
GR0728,Vivaan Parmar,vivaan.parmar52@example.com,+91 7869137662,Full Stack Development,RWSON - Online,2026-02-21,Silver Oak University,BBA
GR0729,Shaurya Sharma,shaurya.sharma37@example.com,+91 8042350743,Graphic | Video Editing,RWMH - Maheshana,2026-02-22,VNSGU,B.Sc IT
GR0730,Ramesh Verma,ramesh.verma77@example.com,+91 6214343031,AI/ML & Data Science,RWR1 - Kotecha,2026-02-06,L.D. College of Engineering,M.Sc IT
GR0731,Pooja Parmar,pooja.parmar69@example.com,+91 7616504375,Graphic | UI/UX,RW2 - Yogi Chowk,2026-02-07,SVNIT,MCA
GR0732,Maya Parmar,maya.parmar34@example.com,+91 7697061185,Video Editing | 3D Animation,RWA1 - Nikol,2026-02-26,RK University,BCA
GR0733,Aditya Rathod,aditya.rathod32@example.com,+91 7736867784,Graphic | Video Editing,RW5 - Ved Road,2026-02-07,SVNIT,B.Sc IT
GR0734,Pooja Chauhan,pooja.chauhan57@example.com,+91 7467793102,Graphic | Video Editing,RW5 - Ved Road,2026-02-28,L.D. College of Engineering,BBA
GR0735,Sai Patel,sai.patel23@example.com,+91 9258034762,Graphic | UI/UX,RW1 - A.K Road,2026-02-01,DDU,MCA
GR0736,Aditya Kumar,aditya.kumar74@example.com,+91 6564014999,AI/ML & Data Science,RWA5 - Chandkheda,2026-02-16,SVNIT,BCA
GR0737,Pooja Gupta,pooja.gupta16@example.com,+91 9610861152,Graphic | UI/UX,RW6 - Adajan,2026-02-02,SVNIT,B.Tech Computer Science
GR0738,Isha Kumar,isha.kumar89@example.com,+91 9884724489,Full Stack Development,RWA2 - Navrangpura,2026-02-02,Gujarat University,B.Com
GR0739,Maya Mehta,maya.mehta79@example.com,+91 8151495638,Video Editing | 3D Animation,RW5 - Ved Road,2026-02-11,MSU Baroda,B.Tech Computer Science
GR0740,Ayaan Gupta,ayaan.gupta90@example.com,+91 7746454241,Graphic | UI/UX,RWNV1 - Navshari,2026-02-18,VNSGU,BBA
GR0741,Arjun Sharma,arjun.sharma91@example.com,+91 9327189072,Graphic | UI/UX,RWSON - Online,2026-02-02,MSU Baroda,MCA
GR0742,Neha Mehta,neha.mehta81@example.com,+91 9993584990,Graphic | Video Editing,RW7 - Vesu,2026-02-03,L.D. College of Engineering,Diploma in IT
GR0743,Tara Kumar,tara.kumar95@example.com,+91 8248651383,Graphic | Video Editing,RWNV1 - Navshari,2026-02-14,DDU,B.Tech Computer Science
GR0744,Rahul Trivedi,rahul.trivedi78@example.com,+91 7381508734,Graphic | Video Editing,RW1 - A.K Road,2026-02-27,RK University,Diploma in IT
GR0745,Rahul Joshi,rahul.joshi42@example.com,+91 7631447139,AI/ML & Data Science,RWBH1 - Bharuch,2026-02-07,VNSGU,BCA
GR0746,Neha Trivedi,neha.trivedi99@example.com,+91 7920751084,Graphic | Video Editing,RWR2 - Mavdi,2026-02-11,L.D. College of Engineering,BCA
GR0747,Rahul Verma,rahul.verma37@example.com,+91 8750634110,Graphic | UI/UX,RWNV1 - Navshari,2026-02-03,VNSGU,B.Tech Computer Science
GR0748,Kavya Parmar,kavya.parmar36@example.com,+91 8448641331,Graphic | UI/UX,RWBH1 - Bharuch,2026-02-15,VNSGU,MCA
GR0749,Ayaan Rathod,ayaan.rathod74@example.com,+91 9099286608,Graphic | UI/UX,RWJN1 - Junagadh,2026-02-12,Nirma University,M.Sc IT
GR0750,Arjun Vyas,arjun.vyas70@example.com,+91 8410487915,Graphic | Video Editing,RW8 - Dindoli,2026-02-13,L.D. College of Engineering,B.Com
GR0751,Sai Patel,sai.patel32@example.com,+91 7338567900,AI/ML & Data Science,RWA3 - Maninagar,2026-02-10,Marwadi University,BBA
GR0752,Amit Kumar,amit.kumar48@example.com,+91 7883637014,Video Editing | 3D Animation,RWNV1 - Navshari,2026-02-22,Silver Oak University,Diploma in IT
GR0753,Tara Singh,tara.singh22@example.com,+91 8918701136,Graphic | Video Editing,RWR2 - Mavdi,2026-02-08,Silver Oak University,MCA
GR0754,Kriti Rathod,kriti.rathod14@example.com,+91 7621033559,Graphic | UI/UX,RW2 - Yogi Chowk,2026-02-27,MSU Baroda,BBA
GR0755,Amit Rathod,amit.rathod60@example.com,+91 9707388408,AI/ML & Data Science,RWNV1 - Navshari,2026-02-15,Gujarat University,M.Sc IT
GR0756,Vikram Kumar,vikram.kumar71@example.com,+91 9451909106,Full Stack Development,RWA2 - Navrangpura,2026-02-24,VNSGU,B.Tech Computer Science
GR0757,Isha Vyas,isha.vyas56@example.com,+91 7090901112,Graphic | Video Editing,RWVN1 - Vidhyanagar,2026-02-12,MSU Baroda,Diploma in IT
GR0758,Diya Joshi,diya.joshi22@example.com,+91 9615494302,Graphic | UI/UX,RW8 - Dindoli,2026-02-09,RK University,B.Tech Computer Science
GR0759,Arjun Gupta,arjun.gupta11@example.com,+91 7986886429,Graphic | UI/UX,RWA2 - Navrangpura,2026-02-26,Marwadi University,Diploma in IT
GR0760,Maya Shah,maya.shah51@example.com,+91 6491029452,Graphic | UI/UX,RW2 - Yogi Chowk,2026-02-10,Nirma University,MCA
GR0761,Suresh Mehta,suresh.mehta28@example.com,+91 6655209845,Full Stack Development,RW5 - Ved Road,2026-02-10,VNSGU,M.Sc IT
GR0762,Maya Rathod,maya.rathod63@example.com,+91 8230160089,AI/ML & Data Science,RW5 - Ved Road,2026-02-09,DDU,BBA
GR0763,Vikram Vyas,vikram.vyas71@example.com,+91 7844700855,Graphic | Video Editing,RWMH - Maheshana,2026-02-01,DDU,BCA
GR0764,Ayaan Singh,ayaan.singh93@example.com,+91 8315530069,AI/ML & Data Science,RWA5 - Chandkheda,2026-02-12,Gujarat University,BBA
GR0765,Tara Parmar,tara.parmar55@example.com,+91 9352219464,Graphic | Video Editing,RW5 - Ved Road,2026-02-05,Silver Oak University,M.Sc IT
GR0766,Diya Trivedi,diya.trivedi97@example.com,+91 9411714770,Full Stack Development,RWR2 - Mavdi,2026-02-01,Marwadi University,Diploma in IT
GR0767,Sai Gupta,sai.gupta97@example.com,+91 8936488633,Graphic | Video Editing,RWJN1 - Junagadh,2026-02-03,DDU,M.Sc IT
GR0768,Aarav Trivedi,aarav.trivedi54@example.com,+91 6533628769,Graphic | Video Editing,RWMH - Maheshana,2026-02-26,RK University,B.Com
GR0769,Kriti Mehta,kriti.mehta59@example.com,+91 7201722497,AI/ML & Data Science,RW7 - Vesu,2026-02-15,Silver Oak University,B.Com
GR0770,Vihaan Kumar,vihaan.kumar34@example.com,+91 7458295197,Video Editing | 3D Animation,RWJN1 - Junagadh,2026-02-25,Nirma University,BBA
GR0771,Diya Singh,diya.singh89@example.com,+91 7811063087,Video Editing | 3D Animation,RW2 - Yogi Chowk,2026-02-11,SVNIT,B.Sc IT
GR0772,Amit Patel,amit.patel48@example.com,+91 6393193373,Graphic | Video Editing,RWA2 - Navrangpura,2026-02-18,Silver Oak University,BBA
GR0773,Kavya Gupta,kavya.gupta13@example.com,+91 7968541140,Full Stack Development,RWA3 - Maninagar,2026-02-25,DDU,MCA
GR0774,Rahul Desai,rahul.desai30@example.com,+91 6357876293,Video Editing | 3D Animation,RW1 - A.K Road,2026-02-18,MSU Baroda,BBA
GR0775,Krishna Rathod,krishna.rathod11@example.com,+91 6232234768,AI/ML & Data Science,RW8 - Dindoli,2026-02-23,Marwadi University,B.Sc IT
GR0776,Aditya Chauhan,aditya.chauhan66@example.com,+91 9324311268,AI/ML & Data Science,RWA5 - Chandkheda,2026-02-08,SVNIT,BBA
GR0777,Pooja Mehta,pooja.mehta64@example.com,+91 9771953616,Full Stack Development,RWA2 - Navrangpura,2026-02-18,Silver Oak University,BBA
GR0778,Shaurya Chauhan,shaurya.chauhan63@example.com,+91 7094623351,AI/ML & Data Science,RWA5 - Chandkheda,2026-02-26,DDU,B.Sc IT
GR0779,Shaurya Kumar,shaurya.kumar27@example.com,+91 7973106800,Full Stack Development,RWA5 - Chandkheda,2026-02-22,RK University,B.Sc IT
GR0780,Diya Mehta,diya.mehta50@example.com,+91 6432357146,AI/ML & Data Science,RWBH1 - Bharuch,2026-02-04,L.D. College of Engineering,MCA
GR0781,Suresh Rathod,suresh.rathod69@example.com,+91 9179171720,Graphic | Video Editing,RWBN - Bhavnagar,2026-02-05,Gujarat University,Diploma in IT
GR0782,Suresh Sharma,suresh.sharma95@example.com,+91 9255450840,Full Stack Development,RW6 - Adajan,2026-02-23,Nirma University,BCA
GR0783,Kriti Vyas,kriti.vyas37@example.com,+91 6225995842,Full Stack Development,RWA5 - Chandkheda,2026-02-16,Marwadi University,BCA
GR0784,Krishna Singh,krishna.singh78@example.com,+91 8922178476,Video Editing | 3D Animation,RWR2 - Mavdi,2026-02-18,Marwadi University,M.Sc IT
GR0785,Neha Rathod,neha.rathod62@example.com,+91 7662028288,Graphic | Video Editing,RW8 - Dindoli,2026-02-04,Marwadi University,B.Tech Computer Science
GR0786,Rahul Gupta,rahul.gupta52@example.com,+91 6766395163,Full Stack Development,RWBN - Bhavnagar,2026-02-06,RK University,BCA
GR0787,Vivaan Gupta,vivaan.gupta58@example.com,+91 6957100890,AI/ML & Data Science,RW8 - Dindoli,2026-02-22,Nirma University,B.Tech Computer Science
GR0788,Ayaan Gupta,ayaan.gupta52@example.com,+91 7204268707,Full Stack Development,RWBN - Bhavnagar,2026-02-21,DDU,MCA
GR0789,Neha Verma,neha.verma65@example.com,+91 9054351869,Video Editing | 3D Animation,RWA1 - Nikol,2026-02-15,DDU,MCA
GR0790,Vivaan Verma,vivaan.verma52@example.com,+91 6270806638,AI/ML & Data Science,RW7 - Vesu,2026-02-27,MSU Baroda,B.Com
GR0791,Sai Parmar,sai.parmar24@example.com,+91 7889695588,AI/ML & Data Science,RWVN1 - Vidhyanagar,2026-02-07,SVNIT,B.Sc IT
GR0792,Tara Sharma,tara.sharma38@example.com,+91 6193961209,Graphic | Video Editing,RW1 - A.K Road,2026-02-08,Marwadi University,MCA
GR0793,Neha Patel,neha.patel12@example.com,+91 6690140733,Full Stack Development,RWA5 - Chandkheda,2026-02-11,L.D. College of Engineering,B.Tech Computer Science
GR0794,Neha Verma,neha.verma71@example.com,+91 8967713427,AI/ML & Data Science,RWJN1 - Junagadh,2026-02-16,SVNIT,Diploma in IT
GR0795,Kriti Trivedi,kriti.trivedi10@example.com,+91 7806967411,Full Stack Development,RWBN - Bhavnagar,2026-02-25,RK University,B.Sc IT
GR0796,Vikram Parmar,vikram.parmar85@example.com,+91 6749332316,Graphic | UI/UX,RWSON - Online,2026-02-04,RK University,BCA
GR0797,Amit Kumar,amit.kumar84@example.com,+91 6163745360,AI/ML & Data Science,RWBN - Bhavnagar,2026-02-12,VNSGU,Diploma in IT
GR0798,Ramesh Gupta,ramesh.gupta78@example.com,+91 7085616837,Graphic | UI/UX,RWA4 - Bopal,2026-02-10,Nirma University,B.Com
GR0799,Neha Patel,neha.patel75@example.com,+91 6307214604,Video Editing | 3D Animation,RWJN1 - Junagadh,2026-02-27,Marwadi University,B.Tech Computer Science
GR0800,Amit Sharma,amit.sharma98@example.com,+91 6275045449,AI/ML & Data Science,RWA1 - Nikol,2026-02-27,RK University,MCA
GR0801,Aditya Kumar,aditya.kumar86@example.com,+91 8889489124,AI/ML & Data Science,RWR2 - Mavdi,2026-02-09,RK University,BCA
GR0802,Diya Rathod,diya.rathod83@example.com,+91 7529775898,AI/ML & Data Science,RW5 - Ved Road,2026-02-15,Nirma University,MCA
GR0803,Amit Gupta,amit.gupta57@example.com,+91 8732772886,AI/ML & Data Science,RWNV1 - Navshari,2026-02-03,MSU Baroda,Diploma in IT
GR0804,Krishna Chauhan,krishna.chauhan18@example.com,+91 7396711477,Full Stack Development,RWA5 - Chandkheda,2026-02-22,RK University,Diploma in IT
GR0805,Ishaan Mehta,ishaan.mehta59@example.com,+91 9825984802,Video Editing | 3D Animation,RWA6 - Vastral,2026-02-15,SVNIT,M.Sc IT
GR0806,Riya Vyas,riya.vyas70@example.com,+91 9338912169,AI/ML & Data Science,RWA4 - Bopal,2026-02-11,SVNIT,BBA
GR0807,Sai Parmar,sai.parmar26@example.com,+91 8478167984,Graphic | UI/UX,RWNV1 - Navshari,2026-02-25,SVNIT,Diploma in IT
GR0808,Ramesh Desai,ramesh.desai94@example.com,+91 9313140143,Video Editing | 3D Animation,RWA2 - Navrangpura,2026-02-04,Nirma University,M.Sc IT
GR0809,Neha Verma,neha.verma86@example.com,+91 8826455322,Graphic | Video Editing,RWJN1 - Junagadh,2026-02-08,MSU Baroda,M.Sc IT
GR0810,Sneha Gupta,sneha.gupta58@example.com,+91 6068148684,Graphic | UI/UX,RW7 - Vesu,2026-02-03,RK University,M.Sc IT
GR0811,Krishna Parmar,krishna.parmar29@example.com,+91 9731028309,Video Editing | 3D Animation,RWR1 - Kotecha,2026-02-02,Nirma University,M.Sc IT
GR0812,Arjun Parmar,arjun.parmar56@example.com,+91 9367001541,Graphic | UI/UX,RWA1 - Nikol,2026-02-23,MSU Baroda,B.Sc IT
GR0813,Maya Desai,maya.desai22@example.com,+91 7412833750,Full Stack Development,RWA5 - Chandkheda,2026-02-04,SVNIT,M.Sc IT
GR0814,Tara Patel,tara.patel83@example.com,+91 7966704474,Graphic | UI/UX,RWAM1 - Amreli,2026-02-14,Gujarat University,B.Tech Computer Science
GR0815,Ramesh Singh,ramesh.singh79@example.com,+91 9188549834,Video Editing | 3D Animation,RW2 - Yogi Chowk,2026-02-24,SVNIT,Diploma in IT
GR0816,Aditya Verma,aditya.verma12@example.com,+91 9168883809,Full Stack Development,RWGN1 - Gandhinagar,2026-02-13,SVNIT,BBA
GR0817,Ishaan Shah,ishaan.shah90@example.com,+91 6304220004,AI/ML & Data Science,RWMH - Maheshana,2026-02-11,SVNIT,BBA
GR0818,Isha Parmar,isha.parmar54@example.com,+91 9198807469,Graphic | UI/UX,RWA6 - Vastral,2026-02-11,DDU,Diploma in IT
GR0819,Isha Kumar,isha.kumar99@example.com,+91 9402875850,AI/ML & Data Science,RWA2 - Navrangpura,2026-02-14,Nirma University,BCA
GR0820,Amit Joshi,amit.joshi99@example.com,+91 6845927558,Graphic | UI/UX,RWBN - Bhavnagar,2026-02-20,Nirma University,MCA
GR0821,Maya Trivedi,maya.trivedi57@example.com,+91 6691616610,Video Editing | 3D Animation,RWGN1 - Gandhinagar,2026-02-11,Nirma University,B.Sc IT
GR0822,Riya Verma,riya.verma11@example.com,+91 6823219528,Graphic | UI/UX,RWA5 - Chandkheda,2026-02-13,DDU,B.Sc IT
GR0823,Suresh Patel,suresh.patel23@example.com,+91 8376336584,Graphic | UI/UX,RWR2 - Mavdi,2026-02-02,RK University,Diploma in IT
GR0824,Kavya Chauhan,kavya.chauhan68@example.com,+91 8065033994,Graphic | UI/UX,RWAM1 - Amreli,2026-02-09,Gujarat University,BCA
GR0825,Tara Singh,tara.singh39@example.com,+91 8170760672,Full Stack Development,RW5 - Ved Road,2026-02-28,MSU Baroda,M.Sc IT
GR0826,Pooja Singh,pooja.singh19@example.com,+91 7943192522,Graphic | Video Editing,RWSON - Online,2026-02-25,VNSGU,B.Com
GR0827,Ishaan Joshi,ishaan.joshi43@example.com,+91 9539370813,Graphic | Video Editing,RWA1 - Nikol,2026-02-04,Marwadi University,B.Tech Computer Science
GR0828,Ishaan Trivedi,ishaan.trivedi65@example.com,+91 8167303705,Full Stack Development,RW7 - Vesu,2026-02-14,MSU Baroda,BBA
GR0829,Krishna Shah,krishna.shah69@example.com,+91 8760461663,AI/ML & Data Science,RWNV1 - Navshari,2026-02-06,DDU,B.Com
GR0830,Riya Kumar,riya.kumar17@example.com,+91 9229547144,AI/ML & Data Science,RWR1 - Kotecha,2026-02-06,MSU Baroda,M.Sc IT
GR0831,Ramesh Mehta,ramesh.mehta25@example.com,+91 6297770769,AI/ML & Data Science,RW8 - Dindoli,2026-02-07,Silver Oak University,B.Com
GR0832,Amit Sharma,amit.sharma36@example.com,+91 8856416988,Graphic | UI/UX,RWA4 - Bopal,2026-02-06,SVNIT,BCA
GR0833,Sneha Singh,sneha.singh88@example.com,+91 8805285724,AI/ML & Data Science,RWA6 - Vastral,2026-02-14,Marwadi University,B.Tech Computer Science
GR0834,Pooja Vyas,pooja.vyas15@example.com,+91 8850487847,Graphic | Video Editing,RW1 - A.K Road,2026-02-14,L.D. College of Engineering,B.Tech Computer Science
GR0835,Sneha Kumar,sneha.kumar31@example.com,+91 9218711208,AI/ML & Data Science,RWGN1 - Gandhinagar,2026-02-09,RK University,BCA
GR0836,Neha Verma,neha.verma25@example.com,+91 7399866022,Graphic | Video Editing,RWA2 - Navrangpura,2026-02-09,Silver Oak University,B.Tech Computer Science
GR0837,Kavya Trivedi,kavya.trivedi67@example.com,+91 9008216640,Graphic | Video Editing,RW1 - A.K Road,2026-02-04,Gujarat University,BBA
GR0838,Vihaan Kumar,vihaan.kumar51@example.com,+91 7071028796,Video Editing | 3D Animation,RWA3 - Maninagar,2026-02-15,RK University,MCA
GR0839,Kavya Rathod,kavya.rathod29@example.com,+91 7452384901,Graphic | Video Editing,RWJN1 - Junagadh,2026-02-02,Marwadi University,B.Tech Computer Science
GR0840,Rahul Rathod,rahul.rathod60@example.com,+91 9159991584,Video Editing | 3D Animation,RWBN - Bhavnagar,2026-02-18,Gujarat University,B.Sc IT
GR0841,Pooja Verma,pooja.verma40@example.com,+91 7263936129,Graphic | Video Editing,RW8 - Dindoli,2026-02-20,L.D. College of Engineering,B.Sc IT
GR0842,Kriti Desai,kriti.desai55@example.com,+91 7063492962,Full Stack Development,RWNV1 - Navshari,2026-02-25,SVNIT,M.Sc IT
GR0843,Ishaan Shah,ishaan.shah66@example.com,+91 9418463604,AI/ML & Data Science,RW5 - Ved Road,2026-02-09,Marwadi University,BBA
GR0844,Suresh Vyas,suresh.vyas39@example.com,+91 8185179976,Video Editing | 3D Animation,RWR1 - Kotecha,2026-02-02,VNSGU,BCA
GR0845,Shaurya Singh,shaurya.singh99@example.com,+91 6740404657,Video Editing | 3D Animation,RWMH - Maheshana,2026-02-02,Gujarat University,B.Sc IT
GR0846,Neha Singh,neha.singh21@example.com,+91 9235313393,Graphic | Video Editing,RW8 - Dindoli,2026-02-26,SVNIT,B.Sc IT
GR0847,Vihaan Vyas,vihaan.vyas71@example.com,+91 6734390549,AI/ML & Data Science,RWAM1 - Amreli,2026-02-27,VNSGU,BBA
GR0848,Aarav Trivedi,aarav.trivedi48@example.com,+91 6857028044,Graphic | UI/UX,RWBN - Bhavnagar,2026-02-09,SVNIT,BBA
GR0849,Ishaan Shah,ishaan.shah94@example.com,+91 9447658753,AI/ML & Data Science,RWR1 - Kotecha,2026-02-13,SVNIT,BBA
GR0850,Krishna Kumar,krishna.kumar96@example.com,+91 8020609664,Video Editing | 3D Animation,RW2 - Yogi Chowk,2026-02-02,SVNIT,B.Com
GR0851,Diya Shah,diya.shah76@example.com,+91 9265735492,Graphic | UI/UX,RWMH - Maheshana,2026-02-18,DDU,M.Sc IT
GR0852,Ishaan Gupta,ishaan.gupta96@example.com,+91 8026550629,Graphic | Video Editing,RW1 - A.K Road,2026-02-22,SVNIT,MCA
GR0853,Sneha Kumar,sneha.kumar86@example.com,+91 7054549891,Graphic | UI/UX,RWBH1 - Bharuch,2026-02-17,MSU Baroda,BBA
GR0854,Aarav Singh,aarav.singh55@example.com,+91 8973558806,Graphic | Video Editing,RWA5 - Chandkheda,2026-02-18,Silver Oak University,B.Sc IT
GR0855,Arjun Gupta,arjun.gupta57@example.com,+91 7917457268,Graphic | UI/UX,RW8 - Dindoli,2026-02-25,Marwadi University,B.Com
GR0856,Pooja Gupta,pooja.gupta39@example.com,+91 7505682189,Video Editing | 3D Animation,RWA4 - Bopal,2026-02-23,MSU Baroda,Diploma in IT
GR0857,Rahul Shah,rahul.shah77@example.com,+91 7632432468,Video Editing | 3D Animation,RWA6 - Vastral,2026-02-16,Marwadi University,Diploma in IT
GR0858,Ayaan Verma,ayaan.verma16@example.com,+91 7514906404,AI/ML & Data Science,RWBN - Bhavnagar,2026-02-16,DDU,BCA
GR0859,Amit Trivedi,amit.trivedi36@example.com,+91 7561190179,Graphic | UI/UX,RWSON - Online,2026-02-27,Gujarat University,B.Sc IT
GR0860,Pooja Verma,pooja.verma66@example.com,+91 7545519007,Video Editing | 3D Animation,RWR1 - Kotecha,2026-02-08,Silver Oak University,M.Sc IT
GR0861,Maya Gupta,maya.gupta30@example.com,+91 6531700216,AI/ML & Data Science,RWNV1 - Navshari,2026-02-27,DDU,MCA
GR0862,Shaurya Sharma,shaurya.sharma40@example.com,+91 9611621484,Video Editing | 3D Animation,RWR1 - Kotecha,2026-02-27,DDU,B.Com
GR0863,Sai Gupta,sai.gupta68@example.com,+91 6536804160,Video Editing | 3D Animation,RWA4 - Bopal,2026-02-26,Marwadi University,BBA
GR0864,Ishaan Chauhan,ishaan.chauhan28@example.com,+91 6821507058,Graphic | UI/UX,RWA1 - Nikol,2026-02-13,Silver Oak University,B.Com
GR0865,Tara Sharma,tara.sharma71@example.com,+91 6867339278,AI/ML & Data Science,RW7 - Vesu,2026-02-10,DDU,B.Sc IT
GR0866,Neha Chauhan,neha.chauhan51@example.com,+91 9956374742,Video Editing | 3D Animation,RWA3 - Maninagar,2026-02-01,L.D. College of Engineering,M.Sc IT
GR0867,Ayaan Sharma,ayaan.sharma27@example.com,+91 8905202194,Video Editing | 3D Animation,RWA4 - Bopal,2026-02-22,VNSGU,B.Sc IT
GR0868,Tara Sharma,tara.sharma29@example.com,+91 6581323079,Graphic | UI/UX,RWBH1 - Bharuch,2026-02-23,Silver Oak University,BCA
GR0869,Kavya Shah,kavya.shah83@example.com,+91 8182447971,Graphic | Video Editing,RWR1 - Kotecha,2026-02-12,Nirma University,MCA
GR0870,Suresh Rathod,suresh.rathod32@example.com,+91 9729879319,Video Editing | 3D Animation,RW6 - Adajan,2026-02-22,L.D. College of Engineering,B.Tech Computer Science
GR0871,Ishaan Chauhan,ishaan.chauhan84@example.com,+91 8817559179,Full Stack Development,RWA3 - Maninagar,2026-02-23,DDU,B.Tech Computer Science
GR0872,Vikram Parmar,vikram.parmar51@example.com,+91 8177901513,Graphic | Video Editing,RWBH1 - Bharuch,2026-02-05,Nirma University,BBA
GR0873,Suresh Gupta,suresh.gupta81@example.com,+91 9672215812,Video Editing | 3D Animation,RWR1 - Kotecha,2026-02-22,RK University,B.Sc IT
GR0874,Pooja Sharma,pooja.sharma82@example.com,+91 9715220159,Graphic | UI/UX,RWR1 - Kotecha,2026-02-26,DDU,B.Com
GR0875,Vikram Desai,vikram.desai27@example.com,+91 8693637948,Graphic | UI/UX,RWBN - Bhavnagar,2026-02-28,Nirma University,B.Sc IT
GR0876,Sneha Rathod,sneha.rathod17@example.com,+91 9357961003,Full Stack Development,RWVN1 - Vidhyanagar,2026-02-17,Marwadi University,B.Tech Computer Science
GR0877,Isha Mehta,isha.mehta96@example.com,+91 8552265402,Graphic | UI/UX,RW1 - A.K Road,2026-02-04,VNSGU,B.Sc IT
GR0878,Ishaan Rathod,ishaan.rathod32@example.com,+91 6726089455,AI/ML & Data Science,RWA6 - Vastral,2026-02-22,SVNIT,BBA
GR0879,Riya Joshi,riya.joshi54@example.com,+91 9821694819,Graphic | Video Editing,RWR2 - Mavdi,2026-02-01,MSU Baroda,BBA
GR0880,Pooja Rathod,pooja.rathod70@example.com,+91 9124610280,Video Editing | 3D Animation,RW4 - Mota Varachha,2026-02-08,SVNIT,B.Tech Computer Science
GR0881,Ramesh Parmar,ramesh.parmar25@example.com,+91 8630608424,Graphic | Video Editing,RWMH - Maheshana,2026-02-18,MSU Baroda,MCA
GR0882,Arjun Sharma,arjun.sharma73@example.com,+91 7133059217,Graphic | Video Editing,RW1 - A.K Road,2026-02-15,Nirma University,B.Sc IT
GR0883,Sneha Mehta,sneha.mehta69@example.com,+91 8816665396,Graphic | Video Editing,RWMH - Maheshana,2026-02-24,L.D. College of Engineering,B.Sc IT
GR0884,Rahul Patel,rahul.patel13@example.com,+91 8529580314,AI/ML & Data Science,RWR2 - Mavdi,2026-02-03,SVNIT,MCA
GR0885,Isha Shah,isha.shah34@example.com,+91 6308697520,Full Stack Development,RWSON - Online,2026-02-09,MSU Baroda,B.Tech Computer Science
GR0886,Rahul Verma,rahul.verma25@example.com,+91 6171442993,AI/ML & Data Science,RWA4 - Bopal,2026-02-26,SVNIT,M.Sc IT
GR0887,Pooja Parmar,pooja.parmar91@example.com,+91 8075426054,Graphic | Video Editing,RWA3 - Maninagar,2026-02-03,SVNIT,Diploma in IT
GR0888,Shaurya Desai,shaurya.desai90@example.com,+91 7765519274,Graphic | Video Editing,RW2 - Yogi Chowk,2026-02-08,MSU Baroda,Diploma in IT
GR0889,Pooja Chauhan,pooja.chauhan30@example.com,+91 9079490134,Full Stack Development,RWNV1 - Navshari,2026-02-16,Marwadi University,B.Sc IT
GR0890,Tara Desai,tara.desai67@example.com,+91 7473339464,Graphic | UI/UX,RWGN1 - Gandhinagar,2026-02-24,Silver Oak University,M.Sc IT
GR0891,Vihaan Gupta,vihaan.gupta57@example.com,+91 7888823463,Full Stack Development,RW8 - Dindoli,2026-02-21,L.D. College of Engineering,Diploma in IT
GR0892,Amit Singh,amit.singh20@example.com,+91 7489299885,Full Stack Development,RWGN1 - Gandhinagar,2026-02-27,MSU Baroda,BBA
GR0893,Diya Chauhan,diya.chauhan58@example.com,+91 8826006372,Video Editing | 3D Animation,RWR1 - Kotecha,2026-02-23,VNSGU,MCA
GR0894,Amit Gupta,amit.gupta55@example.com,+91 9191630467,Full Stack Development,RWA3 - Maninagar,2026-02-18,MSU Baroda,B.Tech Computer Science
GR0895,Isha Kumar,isha.kumar93@example.com,+91 9034733860,Graphic | Video Editing,RW5 - Ved Road,2026-02-01,Marwadi University,MCA
GR0896,Shaurya Patel,shaurya.patel88@example.com,+91 6306616394,Full Stack Development,RWA2 - Navrangpura,2026-02-21,SVNIT,BBA
GR0897,Kriti Shah,kriti.shah53@example.com,+91 9817548114,Graphic | Video Editing,RWBN - Bhavnagar,2026-02-07,RK University,BCA
GR0898,Diya Vyas,diya.vyas72@example.com,+91 9262851561,Full Stack Development,RW4 - Mota Varachha,2026-02-20,RK University,B.Com
GR0899,Riya Rathod,riya.rathod60@example.com,+91 7471141122,AI/ML & Data Science,RW7 - Vesu,2026-02-27,VNSGU,B.Sc IT
GR0900,Sneha Desai,sneha.desai15@example.com,+91 9231009181,Graphic | Video Editing,RWJN1 - Junagadh,2026-02-09,Marwadi University,BBA
GR0901,Riya Gupta,riya.gupta32@example.com,+91 9082407711,AI/ML & Data Science,RWAM1 - Amreli,2026-02-23,DDU,B.Com
GR0902,Vihaan Joshi,vihaan.joshi80@example.com,+91 9295784998,Graphic | Video Editing,RWMH - Maheshana,2026-02-06,VNSGU,M.Sc IT
GR0903,Krishna Kumar,krishna.kumar44@example.com,+91 7073813884,Graphic | UI/UX,RWBN - Bhavnagar,2026-02-17,Nirma University,B.Com
GR0904,Shaurya Vyas,shaurya.vyas25@example.com,+91 8587540878,Graphic | UI/UX,RW4 - Mota Varachha,2026-02-01,Silver Oak University,MCA
GR0905,Tara Gupta,tara.gupta62@example.com,+91 9993794392,Graphic | UI/UX,RW2 - Yogi Chowk,2026-02-21,Marwadi University,M.Sc IT
GR0906,Vihaan Singh,vihaan.singh34@example.com,+91 8374891285,Video Editing | 3D Animation,RWJN1 - Junagadh,2026-02-26,Silver Oak University,B.Sc IT
GR0907,Rahul Shah,rahul.shah48@example.com,+91 6403620029,Graphic | Video Editing,RW8 - Dindoli,2026-02-17,SVNIT,M.Sc IT
GR0908,Shaurya Parmar,shaurya.parmar80@example.com,+91 8121023648,Graphic | Video Editing,RWA6 - Vastral,2026-02-23,Nirma University,B.Sc IT
GR0909,Aarav Sharma,aarav.sharma54@example.com,+91 7032705777,AI/ML & Data Science,RW8 - Dindoli,2026-02-26,L.D. College of Engineering,Diploma in IT
GR0910,Sai Gupta,sai.gupta30@example.com,+91 9625664342,Graphic | Video Editing,RWGN1 - Gandhinagar,2026-02-24,RK University,M.Sc IT
GR0911,Rahul Mehta,rahul.mehta49@example.com,+91 6973645889,Full Stack Development,RW2 - Yogi Chowk,2026-02-05,Marwadi University,BBA
GR0912,Vivaan Sharma,vivaan.sharma52@example.com,+91 8836908297,Video Editing | 3D Animation,RWVN1 - Vidhyanagar,2026-02-27,Gujarat University,B.Tech Computer Science
GR0913,Tara Shah,tara.shah70@example.com,+91 7469233051,Video Editing | 3D Animation,RWA5 - Chandkheda,2026-02-05,Silver Oak University,BBA
GR0914,Ramesh Gupta,ramesh.gupta51@example.com,+91 8442438535,Graphic | UI/UX,RWA2 - Navrangpura,2026-02-14,RK University,BBA
GR0915,Neha Trivedi,neha.trivedi66@example.com,+91 7131694859,Video Editing | 3D Animation,RW1 - A.K Road,2026-02-23,Marwadi University,B.Sc IT
GR0916,Kavya Desai,kavya.desai72@example.com,+91 9268677070,AI/ML & Data Science,RWA3 - Maninagar,2026-02-01,SVNIT,Diploma in IT
GR0917,Kriti Gupta,kriti.gupta45@example.com,+91 7845210535,AI/ML & Data Science,RWVN1 - Vidhyanagar,2026-02-06,Silver Oak University,B.Tech Computer Science
GR0918,Ishaan Shah,ishaan.shah76@example.com,+91 7624787080,Video Editing | 3D Animation,RWA5 - Chandkheda,2026-02-09,Nirma University,B.Tech Computer Science
GR0919,Riya Verma,riya.verma44@example.com,+91 6966265896,AI/ML & Data Science,RWJN1 - Junagadh,2026-02-06,DDU,MCA
GR0920,Isha Vyas,isha.vyas40@example.com,+91 6867996434,Graphic | UI/UX,RW6 - Adajan,2026-02-04,VNSGU,M.Sc IT
GR0921,Riya Gupta,riya.gupta93@example.com,+91 7091269940,Graphic | UI/UX,RW2 - Yogi Chowk,2026-02-09,VNSGU,Diploma in IT
GR0922,Ishaan Rathod,ishaan.rathod45@example.com,+91 7110374109,Video Editing | 3D Animation,RWA3 - Maninagar,2026-02-08,Silver Oak University,MCA
GR0923,Sneha Rathod,sneha.rathod42@example.com,+91 9997966737,Graphic | Video Editing,RWAM1 - Amreli,2026-02-27,SVNIT,BBA
GR0924,Amit Trivedi,amit.trivedi60@example.com,+91 8821196088,Full Stack Development,RWJN1 - Junagadh,2026-02-27,VNSGU,B.Sc IT
GR0925,Maya Joshi,maya.joshi13@example.com,+91 9985049549,AI/ML & Data Science,RWA2 - Navrangpura,2026-02-04,Silver Oak University,B.Tech Computer Science
GR0926,Aarav Rathod,aarav.rathod96@example.com,+91 7325121938,Graphic | UI/UX,RWAM1 - Amreli,2026-02-09,L.D. College of Engineering,B.Sc IT
GR0927,Aarav Chauhan,aarav.chauhan63@example.com,+91 6666799649,Graphic | UI/UX,RWR1 - Kotecha,2026-02-21,L.D. College of Engineering,B.Tech Computer Science
GR0928,Neha Parmar,neha.parmar11@example.com,+91 6852321853,Full Stack Development,RWMH - Maheshana,2026-02-09,Marwadi University,BCA
GR0929,Isha Kumar,isha.kumar89@example.com,+91 7591323763,Graphic | UI/UX,RWR2 - Mavdi,2026-02-16,RK University,MCA
GR0930,Shaurya Mehta,shaurya.mehta64@example.com,+91 7600669985,AI/ML & Data Science,RWA2 - Navrangpura,2026-02-17,Silver Oak University,BBA
GR0931,Vivaan Parmar,vivaan.parmar41@example.com,+91 6550260837,Full Stack Development,RWA2 - Navrangpura,2026-02-22,MSU Baroda,B.Sc IT
GR0932,Aditya Joshi,aditya.joshi74@example.com,+91 8779881749,AI/ML & Data Science,RWVN1 - Vidhyanagar,2026-02-13,SVNIT,B.Sc IT
GR0933,Vikram Trivedi,vikram.trivedi15@example.com,+91 6678775256,Full Stack Development,RWBN - Bhavnagar,2026-02-16,Marwadi University,BBA
GR0934,Arjun Parmar,arjun.parmar67@example.com,+91 9637914801,AI/ML & Data Science,RWA3 - Maninagar,2026-02-02,DDU,Diploma in IT
GR0935,Maya Vyas,maya.vyas46@example.com,+91 7479175540,Graphic | UI/UX,RWR2 - Mavdi,2026-02-11,SVNIT,BCA
GR0936,Aarav Rathod,aarav.rathod61@example.com,+91 9427566908,Video Editing | 3D Animation,RW8 - Dindoli,2026-02-04,RK University,B.Sc IT
GR0937,Ramesh Parmar,ramesh.parmar42@example.com,+91 9487125353,AI/ML & Data Science,RWA4 - Bopal,2026-02-03,Nirma University,Diploma in IT
GR0938,Aditya Singh,aditya.singh38@example.com,+91 8444409462,AI/ML & Data Science,RW2 - Yogi Chowk,2026-02-05,L.D. College of Engineering,B.Com
GR0939,Maya Chauhan,maya.chauhan30@example.com,+91 9684891795,Graphic | UI/UX,RWA2 - Navrangpura,2026-02-10,Nirma University,B.Tech Computer Science
GR0940,Ayaan Kumar,ayaan.kumar23@example.com,+91 7371916471,Video Editing | 3D Animation,RW8 - Dindoli,2026-02-01,MSU Baroda,B.Sc IT
GR0941,Amit Kumar,amit.kumar35@example.com,+91 8935953925,Graphic | Video Editing,RWR2 - Mavdi,2026-02-15,L.D. College of Engineering,BBA
GR0942,Pooja Shah,pooja.shah97@example.com,+91 9673997384,Full Stack Development,RWVN1 - Vidhyanagar,2026-02-04,Silver Oak University,B.Sc IT
GR0943,Vihaan Shah,vihaan.shah26@example.com,+91 8957452621,Full Stack Development,RWGN1 - Gandhinagar,2026-02-16,RK University,B.Sc IT
GR0944,Krishna Patel,krishna.patel21@example.com,+91 7360139042,Graphic | UI/UX,RWGN1 - Gandhinagar,2026-02-27,SVNIT,B.Com
GR0945,Ayaan Gupta,ayaan.gupta73@example.com,+91 8381446329,Full Stack Development,RWBN - Bhavnagar,2026-02-24,DDU,Diploma in IT
GR0946,Diya Sharma,diya.sharma44@example.com,+91 8347343514,Full Stack Development,RWA1 - Nikol,2026-02-23,RK University,MCA
GR0947,Arjun Shah,arjun.shah45@example.com,+91 6761266450,Full Stack Development,RWJN1 - Junagadh,2026-02-27,SVNIT,B.Com
GR0948,Suresh Vyas,suresh.vyas91@example.com,+91 8058662609,Full Stack Development,RWAM1 - Amreli,2026-02-20,SVNIT,BBA
GR0949,Amit Shah,amit.shah92@example.com,+91 9291461925,Graphic | Video Editing,RWMH - Maheshana,2026-02-07,SVNIT,MCA
GR0950,Vikram Gupta,vikram.gupta65@example.com,+91 6954341608,Graphic | UI/UX,RWA4 - Bopal,2026-02-08,Marwadi University,Diploma in IT
GR0951,Kavya Singh,kavya.singh35@example.com,+91 7165011376,Full Stack Development,RWR2 - Mavdi,2026-02-28,Marwadi University,B.Com
GR0952,Sai Gupta,sai.gupta17@example.com,+91 7675644087,Graphic | Video Editing,RWR2 - Mavdi,2026-02-13,Nirma University,B.Sc IT
GR0953,Neha Gupta,neha.gupta97@example.com,+91 9746827067,Graphic | UI/UX,RWA4 - Bopal,2026-02-26,Silver Oak University,B.Sc IT
GR0954,Amit Patel,amit.patel73@example.com,+91 8267860192,AI/ML & Data Science,RWA1 - Nikol,2026-02-03,L.D. College of Engineering,BBA
GR0955,Tara Parmar,tara.parmar27@example.com,+91 6470250288,Graphic | Video Editing,RWA2 - Navrangpura,2026-02-20,MSU Baroda,BCA
GR0956,Suresh Kumar,suresh.kumar61@example.com,+91 8589430638,Video Editing | 3D Animation,RWA5 - Chandkheda,2026-02-12,DDU,B.Sc IT
GR0957,Amit Verma,amit.verma10@example.com,+91 9355688739,Graphic | Video Editing,RWMH - Maheshana,2026-02-28,RK University,BBA
GR0958,Vihaan Chauhan,vihaan.chauhan40@example.com,+91 9443618820,AI/ML & Data Science,RWSON - Online,2026-02-17,Nirma University,B.Com
GR0959,Kavya Gupta,kavya.gupta36@example.com,+91 6323572149,AI/ML & Data Science,RW7 - Vesu,2026-02-25,VNSGU,BCA
GR0960,Vihaan Gupta,vihaan.gupta93@example.com,+91 7719736515,Video Editing | 3D Animation,RW8 - Dindoli,2026-02-21,Gujarat University,Diploma in IT
GR0961,Aarav Desai,aarav.desai69@example.com,+91 8750157988,Graphic | Video Editing,RWAM1 - Amreli,2026-02-03,Marwadi University,B.Com
GR0962,Arjun Verma,arjun.verma62@example.com,+91 7945184021,Graphic | Video Editing,RWA5 - Chandkheda,2026-02-22,VNSGU,BCA
GR0963,Amit Mehta,amit.mehta55@example.com,+91 7167510872,Full Stack Development,RWA4 - Bopal,2026-02-04,SVNIT,Diploma in IT
GR0964,Shaurya Trivedi,shaurya.trivedi13@example.com,+91 8356817923,Graphic | Video Editing,RW5 - Ved Road,2026-02-07,Silver Oak University,BBA
GR0965,Isha Trivedi,isha.trivedi27@example.com,+91 8398281293,Graphic | Video Editing,RWAM1 - Amreli,2026-02-24,Nirma University,B.Com
GR0966,Sneha Patel,sneha.patel38@example.com,+91 6686006324,Full Stack Development,RW4 - Mota Varachha,2026-02-14,DDU,MCA
GR0967,Pooja Kumar,pooja.kumar59@example.com,+91 6355212592,Video Editing | 3D Animation,RWSON - Online,2026-02-16,Silver Oak University,B.Tech Computer Science
GR0968,Riya Shah,riya.shah77@example.com,+91 9111961334,Graphic | Video Editing,RWA1 - Nikol,2026-02-01,Nirma University,B.Com
GR0969,Ayaan Patel,ayaan.patel94@example.com,+91 7792205170,Video Editing | 3D Animation,RWAM1 - Amreli,2026-02-03,VNSGU,B.Sc IT
GR0970,Sai Sharma,sai.sharma91@example.com,+91 6943638190,Graphic | UI/UX,RWBH1 - Bharuch,2026-02-18,L.D. College of Engineering,MCA
GR0971,Riya Joshi,riya.joshi11@example.com,+91 9539822158,Full Stack Development,RWAM1 - Amreli,2026-02-16,Gujarat University,BCA
GR0972,Neha Shah,neha.shah11@example.com,+91 6944919927,AI/ML & Data Science,RWA4 - Bopal,2026-02-09,Marwadi University,B.Tech Computer Science
GR0973,Amit Trivedi,amit.trivedi59@example.com,+91 6899474138,Full Stack Development,RWA1 - Nikol,2026-02-07,L.D. College of Engineering,B.Tech Computer Science
GR0974,Pooja Singh,pooja.singh73@example.com,+91 9227896294,Graphic | UI/UX,RWBH1 - Bharuch,2026-02-02,DDU,B.Tech Computer Science
GR0975,Amit Joshi,amit.joshi85@example.com,+91 8463753339,AI/ML & Data Science,RWNV1 - Navshari,2026-02-26,DDU,BBA
GR0976,Diya Chauhan,diya.chauhan54@example.com,+91 7477077368,Graphic | UI/UX,RWR1 - Kotecha,2026-02-13,L.D. College of Engineering,B.Tech Computer Science
GR0977,Riya Desai,riya.desai43@example.com,+91 9728397291,Video Editing | 3D Animation,RWR2 - Mavdi,2026-02-10,Gujarat University,BBA
GR0978,Shaurya Parmar,shaurya.parmar18@example.com,+91 9670787983,Graphic | Video Editing,RWA6 - Vastral,2026-02-28,Gujarat University,B.Tech Computer Science
GR0979,Isha Mehta,isha.mehta80@example.com,+91 6351346218,Video Editing | 3D Animation,RW5 - Ved Road,2026-02-13,Nirma University,B.Com
GR0980,Kriti Singh,kriti.singh35@example.com,+91 8000715457,Graphic | Video Editing,RWA6 - Vastral,2026-02-05,DDU,BBA
GR0981,Sneha Sharma,sneha.sharma32@example.com,+91 9043254792,Video Editing | 3D Animation,RW6 - Adajan,2026-02-26,RK University,B.Sc IT
GR0982,Isha Patel,isha.patel31@example.com,+91 9496295536,Video Editing | 3D Animation,RW1 - A.K Road,2026-02-24,L.D. College of Engineering,MCA
GR0983,Maya Verma,maya.verma42@example.com,+91 7923438361,AI/ML & Data Science,RWBH1 - Bharuch,2026-02-14,MSU Baroda,BBA
GR0984,Sneha Verma,sneha.verma92@example.com,+91 9103814384,Full Stack Development,RW1 - A.K Road,2026-02-23,MSU Baroda,B.Sc IT
GR0985,Vivaan Vyas,vivaan.vyas64@example.com,+91 7262466032,Graphic | Video Editing,RW7 - Vesu,2026-02-13,MSU Baroda,B.Com
GR0986,Isha Kumar,isha.kumar45@example.com,+91 6032099927,Graphic | UI/UX,RW5 - Ved Road,2026-02-02,VNSGU,B.Tech Computer Science
GR0987,Riya Chauhan,riya.chauhan95@example.com,+91 7690395949,Graphic | Video Editing,RW2 - Yogi Chowk,2026-02-15,RK University,Diploma in IT
GR0988,Diya Singh,diya.singh83@example.com,+91 8554096886,Video Editing | 3D Animation,RW4 - Mota Varachha,2026-02-08,L.D. College of Engineering,Diploma in IT
GR0989,Riya Desai,riya.desai70@example.com,+91 9468630869,AI/ML & Data Science,RW8 - Dindoli,2026-02-26,Silver Oak University,M.Sc IT
GR0990,Riya Vyas,riya.vyas32@example.com,+91 8919056450,Full Stack Development,RWR2 - Mavdi,2026-02-18,L.D. College of Engineering,BBA
GR0991,Ramesh Singh,ramesh.singh85@example.com,+91 8321211310,Full Stack Development,RWNV1 - Navshari,2026-02-24,RK University,M.Sc IT
GR0992,Ishaan Gupta,ishaan.gupta38@example.com,+91 6919367230,Video Editing | 3D Animation,RWNV1 - Navshari,2026-02-04,VNSGU,BBA
GR0993,Kavya Kumar,kavya.kumar66@example.com,+91 6340661856,Graphic | UI/UX,RWGN1 - Gandhinagar,2026-02-06,L.D. College of Engineering,B.Sc IT
GR0994,Sai Chauhan,sai.chauhan31@example.com,+91 7435554066,Video Editing | 3D Animation,RWBH1 - Bharuch,2026-02-04,Silver Oak University,BBA
GR0995,Krishna Verma,krishna.verma76@example.com,+91 9006481926,AI/ML & Data Science,RWGN1 - Gandhinagar,2026-02-04,VNSGU,MCA
GR0996,Krishna Kumar,krishna.kumar65@example.com,+91 7193348674,AI/ML & Data Science,RWMH - Maheshana,2026-02-20,MSU Baroda,M.Sc IT
GR0997,Maya Singh,maya.singh96@example.com,+91 9016001924,Full Stack Development,RWBH1 - Bharuch,2026-02-02,VNSGU,MCA
GR0998,Aditya Gupta,aditya.gupta69@example.com,+91 6466316313,Graphic | Video Editing,RWSON - Online,2026-02-14,RK University,BBA
GR0999,Shaurya Desai,shaurya.desai62@example.com,+91 9236532798,Video Editing | 3D Animation,RWGN1 - Gandhinagar,2026-02-04,SVNIT,BCA
GR1000,Riya Mehta,riya.mehta19@example.com,+91 9743158798,AI/ML & Data Science,RW2 - Yogi Chowk,2026-02-25,RK University,MCA
GR1001,Aditya Sharma,aditya.sharma69@example.com,+91 7519577628,Full Stack Development,RWBH1 - Bharuch,2026-02-02,Nirma University,BBA
GR1002,Suresh Shah,suresh.shah45@example.com,+91 8061240700,Graphic | Video Editing,RWMH - Maheshana,2026-02-25,DDU,M.Sc IT
GR1003,Isha Singh,isha.singh15@example.com,+91 6157785090,AI/ML & Data Science,RW5 - Ved Road,2026-02-22,Gujarat University,BBA
GR1004,Isha Rathod,isha.rathod19@example.com,+91 8321632680,AI/ML & Data Science,RWR1 - Kotecha,2026-02-10,L.D. College of Engineering,MCA
GR1005,Riya Desai,riya.desai52@example.com,+91 9375124130,Full Stack Development,RWMH - Maheshana,2026-02-05,L.D. College of Engineering,M.Sc IT
GR1006,Sai Rathod,sai.rathod95@example.com,+91 8135325963,Video Editing | 3D Animation,RW6 - Adajan,2026-02-02,Nirma University,M.Sc IT
GR1007,Isha Trivedi,isha.trivedi39@example.com,+91 7977056051,Video Editing | 3D Animation,RWNV1 - Navshari,2026-02-05,DDU,B.Sc IT
GR1008,Pooja Mehta,pooja.mehta18@example.com,+91 9086600725,Full Stack Development,RWA4 - Bopal,2026-02-14,DDU,Diploma in IT
GR1009,Pooja Sharma,pooja.sharma63@example.com,+91 9234791750,Video Editing | 3D Animation,RWA3 - Maninagar,2026-02-24,RK University,B.Com
GR1010,Kriti Shah,kriti.shah53@example.com,+91 7046868357,Graphic | UI/UX,RWNV1 - Navshari,2026-02-16,DDU,BCA
GR1011,Rahul Mehta,rahul.mehta34@example.com,+91 7681385851,Full Stack Development,RWMH - Maheshana,2026-02-21,L.D. College of Engineering,BBA
GR1012,Riya Singh,riya.singh56@example.com,+91 9309705092,Video Editing | 3D Animation,RWJN1 - Junagadh,2026-02-05,Silver Oak University,BBA
GR1013,Ishaan Trivedi,ishaan.trivedi54@example.com,+91 8346710530,Video Editing | 3D Animation,RW8 - Dindoli,2026-02-28,VNSGU,Diploma in IT
GR1014,Amit Sharma,amit.sharma40@example.com,+91 6392097413,Graphic | UI/UX,RW4 - Mota Varachha,2026-02-04,Silver Oak University,MCA
GR1015,Vikram Desai,vikram.desai64@example.com,+91 7483371912,AI/ML & Data Science,RWA1 - Nikol,2026-02-23,Silver Oak University,B.Sc IT
GR1016,Riya Gupta,riya.gupta91@example.com,+91 9170234635,Graphic | UI/UX,RWR2 - Mavdi,2026-02-07,SVNIT,B.Com
GR1017,Vikram Shah,vikram.shah71@example.com,+91 8418988750,Graphic | UI/UX,RWA4 - Bopal,2026-02-13,VNSGU,B.Sc IT
GR1018,Aditya Desai,aditya.desai40@example.com,+91 6391305619,Graphic | Video Editing,RWA1 - Nikol,2026-02-07,L.D. College of Engineering,B.Sc IT
GR1019,Aarav Patel,aarav.patel40@example.com,+91 6625828687,Graphic | Video Editing,RWA6 - Vastral,2026-02-19,VNSGU,M.Sc IT
GR1020,Maya Singh,maya.singh47@example.com,+91 9420927491,Video Editing | 3D Animation,RWMH - Maheshana,2026-02-21,Marwadi University,B.Com
GR1021,Kavya Vyas,kavya.vyas73@example.com,+91 7764918680,Graphic | Video Editing,RWA2 - Navrangpura,2026-02-11,RK University,B.Com
GR1022,Amit Parmar,amit.parmar39@example.com,+91 9195533929,Full Stack Development,RWSON - Online,2026-02-28,Silver Oak University,B.Com
GR1023,Maya Singh,maya.singh88@example.com,+91 7695374494,AI/ML & Data Science,RWSON - Online,2026-02-06,SVNIT,B.Com
GR1024,Kriti Trivedi,kriti.trivedi18@example.com,+91 7343997909,AI/ML & Data Science,RWJN1 - Junagadh,2026-02-13,RK University,B.Tech Computer Science
GR1025,Sneha Kumar,sneha.kumar75@example.com,+91 6357297688,AI/ML & Data Science,RW7 - Vesu,2026-02-16,L.D. College of Engineering,B.Sc IT
GR1026,Isha Rathod,isha.rathod25@example.com,+91 9336993648,Full Stack Development,RW1 - A.K Road,2026-02-13,RK University,B.Tech Computer Science
GR1027,Ayaan Singh,ayaan.singh87@example.com,+91 6369186413,Video Editing | 3D Animation,RWA1 - Nikol,2026-02-28,L.D. College of Engineering,B.Com
GR1028,Tara Chauhan,tara.chauhan16@example.com,+91 8369015394,Graphic | Video Editing,RWA1 - Nikol,2026-02-16,VNSGU,BBA
GR1029,Krishna Patel,krishna.patel23@example.com,+91 7548091868,Full Stack Development,RWR2 - Mavdi,2026-02-01,RK University,BBA
GR1030,Riya Trivedi,riya.trivedi23@example.com,+91 6501970196,Graphic | Video Editing,RW5 - Ved Road,2026-02-11,VNSGU,BBA
GR1031,Ishaan Shah,ishaan.shah52@example.com,+91 7297437313,Graphic | Video Editing,RWR1 - Kotecha,2026-02-01,Nirma University,B.Sc IT
GR1032,Kriti Rathod,kriti.rathod89@example.com,+91 6247951924,AI/ML & Data Science,RWR2 - Mavdi,2026-02-16,SVNIT,MCA
GR1033,Aarav Gupta,aarav.gupta88@example.com,+91 6083907048,Graphic | Video Editing,RWR1 - Kotecha,2026-02-04,MSU Baroda,MCA
GR1034,Suresh Gupta,suresh.gupta11@example.com,+91 9118569681,Graphic | Video Editing,RWAM1 - Amreli,2026-02-09,Nirma University,BCA
GR1035,Aarav Mehta,aarav.mehta93@example.com,+91 6734611827,Video Editing | 3D Animation,RWR1 - Kotecha,2026-02-01,Silver Oak University,Diploma in IT
GR1036,Vihaan Mehta,vihaan.mehta31@example.com,+91 9313015121,AI/ML & Data Science,RWMH - Maheshana,2026-02-16,Marwadi University,B.Sc IT
GR1037,Ishaan Chauhan,ishaan.chauhan53@example.com,+91 6817948761,AI/ML & Data Science,RWJN1 - Junagadh,2026-02-28,Gujarat University,BBA
GR1038,Suresh Chauhan,suresh.chauhan79@example.com,+91 9184598109,Video Editing | 3D Animation,RW6 - Adajan,2026-02-20,Gujarat University,B.Tech Computer Science
GR1039,Neha Shah,neha.shah24@example.com,+91 6444346993,Full Stack Development,RWA1 - Nikol,2026-02-21,SVNIT,B.Tech Computer Science
GR1040,Ishaan Vyas,ishaan.vyas10@example.com,+91 7127997627,AI/ML & Data Science,RWGN1 - Gandhinagar,2026-02-09,Marwadi University,B.Com
GR1041,Sai Joshi,sai.joshi14@example.com,+91 9225589148,AI/ML & Data Science,RWA2 - Navrangpura,2026-02-03,Nirma University,BBA
GR1042,Amit Joshi,amit.joshi23@example.com,+91 7632807089,Graphic | Video Editing,RWA4 - Bopal,2026-02-24,RK University,B.Com
GR1043,Ramesh Shah,ramesh.shah58@example.com,+91 8546855030,Graphic | UI/UX,RWA3 - Maninagar,2026-02-14,VNSGU,Diploma in IT
GR1044,Diya Joshi,diya.joshi70@example.com,+91 6882499671,Graphic | UI/UX,RWA5 - Chandkheda,2026-02-16,L.D. College of Engineering,M.Sc IT
GR1045,Shaurya Kumar,shaurya.kumar29@example.com,+91 9098218481,Video Editing | 3D Animation,RWMH - Maheshana,2026-02-14,Silver Oak University,B.Com
GR1046,Tara Parmar,tara.parmar88@example.com,+91 6617939973,Graphic | Video Editing,RWBH1 - Bharuch,2026-02-19,VNSGU,B.Sc IT
GR1047,Shaurya Patel,shaurya.patel13@example.com,+91 8119554701,AI/ML & Data Science,RW6 - Adajan,2026-02-14,DDU,M.Sc IT
GR1048,Diya Chauhan,diya.chauhan95@example.com,+91 8593710127,Graphic | Video Editing,RWGN1 - Gandhinagar,2026-02-02,L.D. College of Engineering,B.Com
GR1049,Krishna Chauhan,krishna.chauhan80@example.com,+91 7740581974,Video Editing | 3D Animation,RWNV1 - Navshari,2026-02-06,Silver Oak University,M.Sc IT
GR1050,Krishna Gupta,krishna.gupta53@example.com,+91 7191165331,Full Stack Development,RWJN1 - Junagadh,2026-02-03,Gujarat University,MCA
GR1051,Krishna Verma,krishna.verma77@example.com,+91 6364542913,Graphic | UI/UX,RW1 - A.K Road,2026-02-25,MSU Baroda,M.Sc IT
GR1052,Shaurya Trivedi,shaurya.trivedi57@example.com,+91 8357421197,Graphic | Video Editing,RWR2 - Mavdi,2026-02-23,MSU Baroda,Diploma in IT
GR1053,Kavya Singh,kavya.singh63@example.com,+91 9296489956,Graphic | UI/UX,RW2 - Yogi Chowk,2026-02-24,L.D. College of Engineering,MCA
GR1054,Krishna Verma,krishna.verma50@example.com,+91 8658796026,Graphic | UI/UX,RWGN1 - Gandhinagar,2026-02-07,Nirma University,B.Com
GR1055,Ramesh Parmar,ramesh.parmar43@example.com,+91 6301496443,Video Editing | 3D Animation,RW8 - Dindoli,2026-02-16,DDU,B.Com
GR1056,Krishna Rathod,krishna.rathod87@example.com,+91 9398379798,AI/ML & Data Science,RWMH - Maheshana,2026-02-21,Marwadi University,B.Tech Computer Science
GR1057,Arjun Verma,arjun.verma23@example.com,+91 7983590631,Full Stack Development,RWVN1 - Vidhyanagar,2026-02-26,Silver Oak University,BCA
GR1058,Kriti Desai,kriti.desai90@example.com,+91 7347585968,Full Stack Development,RW1 - A.K Road,2026-02-20,Marwadi University,B.Tech Computer Science
GR1059,Suresh Desai,suresh.desai74@example.com,+91 7680067069,Graphic | Video Editing,RW5 - Ved Road,2026-02-13,Nirma University,MCA
GR1060,Tara Rathod,tara.rathod74@example.com,+91 9126553937,AI/ML & Data Science,RWBH1 - Bharuch,2026-02-16,DDU,BCA
GR1061,Diya Shah,diya.shah57@example.com,+91 9538574532,Graphic | Video Editing,RWSON - Online,2026-02-28,Marwadi University,BBA
GR1062,Pooja Parmar,pooja.parmar31@example.com,+91 8646296314,Graphic | Video Editing,RWSON - Online,2026-02-27,SVNIT,M.Sc IT
GR1063,Arjun Kumar,arjun.kumar88@example.com,+91 9300134415,Video Editing | 3D Animation,RWA2 - Navrangpura,2026-02-21,Marwadi University,Diploma in IT
GR1064,Pooja Kumar,pooja.kumar98@example.com,+91 6836681143,Full Stack Development,RW7 - Vesu,2026-02-16,Silver Oak University,B.Tech Computer Science
GR1065,Neha Kumar,neha.kumar97@example.com,+91 7733918709,Graphic | UI/UX,RWBH1 - Bharuch,2026-02-26,SVNIT,MCA
GR1066,Pooja Shah,pooja.shah81@example.com,+91 7968101431,Graphic | UI/UX,RWVN1 - Vidhyanagar,2026-02-11,Nirma University,B.Tech Computer Science
GR1067,Rahul Parmar,rahul.parmar79@example.com,+91 9416883674,Video Editing | 3D Animation,RW8 - Dindoli,2026-02-19,DDU,B.Com
GR1068,Sneha Singh,sneha.singh16@example.com,+91 7517223294,Graphic | UI/UX,RWA6 - Vastral,2026-02-24,DDU,BCA
GR1069,Kavya Gupta,kavya.gupta14@example.com,+91 9602917688,Video Editing | 3D Animation,RWA3 - Maninagar,2026-02-19,Silver Oak University,Diploma in IT
GR1070,Rahul Gupta,rahul.gupta78@example.com,+91 7672679343,Graphic | UI/UX,RWVN1 - Vidhyanagar,2026-02-02,Marwadi University,M.Sc IT
GR1071,Vivaan Rathod,vivaan.rathod40@example.com,+91 7163939452,AI/ML & Data Science,RW7 - Vesu,2026-02-12,VNSGU,M.Sc IT
GR1072,Diya Chauhan,diya.chauhan61@example.com,+91 9472535902,Graphic | Video Editing,RW7 - Vesu,2026-02-12,Nirma University,BCA
GR1073,Vihaan Rathod,vihaan.rathod81@example.com,+91 8820787303,Video Editing | 3D Animation,RWBN - Bhavnagar,2026-02-08,DDU,B.Sc IT
GR1074,Riya Trivedi,riya.trivedi70@example.com,+91 9166019045,AI/ML & Data Science,RWA2 - Navrangpura,2026-02-18,Silver Oak University,M.Sc IT
GR1075,Aditya Vyas,aditya.vyas93@example.com,+91 7352585081,AI/ML & Data Science,RW4 - Mota Varachha,2026-02-09,Silver Oak University,B.Com
GR1076,Ishaan Trivedi,ishaan.trivedi63@example.com,+91 9200757527,Graphic | UI/UX,RW5 - Ved Road,2026-02-02,Marwadi University,Diploma in IT
GR1077,Vikram Kumar,vikram.kumar89@example.com,+91 9780940793,Graphic | UI/UX,RWA3 - Maninagar,2026-02-10,DDU,MCA
GR1078,Pooja Joshi,pooja.joshi61@example.com,+91 7510099036,Video Editing | 3D Animation,RWA1 - Nikol,2026-02-25,Marwadi University,M.Sc IT
GR1079,Diya Joshi,diya.joshi15@example.com,+91 8632926984,Video Editing | 3D Animation,RWA3 - Maninagar,2026-02-08,Gujarat University,B.Sc IT
GR1080,Sai Desai,sai.desai25@example.com,+91 8855926657,Graphic | Video Editing,RW5 - Ved Road,2026-02-15,Marwadi University,Diploma in IT
GR1081,Pooja Singh,pooja.singh52@example.com,+91 7836931319,Video Editing | 3D Animation,RWR1 - Kotecha,2026-02-04,Nirma University,Diploma in IT
GR1082,Riya Rathod,riya.rathod28@example.com,+91 9689698879,AI/ML & Data Science,RWR1 - Kotecha,2026-02-15,Silver Oak University,B.Tech Computer Science
GR1083,Maya Patel,maya.patel96@example.com,+91 8687628881,Video Editing | 3D Animation,RWR1 - Kotecha,2026-02-27,Gujarat University,Diploma in IT
GR1084,Ishaan Joshi,ishaan.joshi79@example.com,+91 8842254278,Video Editing | 3D Animation,RW6 - Adajan,2026-02-14,Marwadi University,Diploma in IT
GR1085,Suresh Mehta,suresh.mehta11@example.com,+91 8723548184,Graphic | Video Editing,RW1 - A.K Road,2026-02-15,RK University,B.Com
GR1086,Arjun Sharma,arjun.sharma69@example.com,+91 6638125355,Graphic | UI/UX,RWBN - Bhavnagar,2026-02-22,Nirma University,B.Tech Computer Science
GR1087,Isha Vyas,isha.vyas88@example.com,+91 9925604139,Full Stack Development,RW5 - Ved Road,2026-02-17,Silver Oak University,BBA
GR1088,Tara Rathod,tara.rathod22@example.com,+91 6145664032,Graphic | UI/UX,RWR1 - Kotecha,2026-02-27,VNSGU,MCA
GR1089,Vihaan Sharma,vihaan.sharma31@example.com,+91 7342429219,AI/ML & Data Science,RW7 - Vesu,2026-02-01,Nirma University,B.Tech Computer Science
GR1090,Neha Vyas,neha.vyas95@example.com,+91 7448951399,Video Editing | 3D Animation,RW1 - A.K Road,2026-02-21,RK University,BCA
GR1091,Ishaan Vyas,ishaan.vyas83@example.com,+91 7324555074,Graphic | UI/UX,RW2 - Yogi Chowk,2026-02-19,DDU,B.Tech Computer Science
GR1092,Aarav Rathod,aarav.rathod79@example.com,+91 9723618490,Graphic | Video Editing,RW2 - Yogi Chowk,2026-02-03,VNSGU,B.Com
GR1093,Isha Desai,isha.desai69@example.com,+91 6737762046,Video Editing | 3D Animation,RWA2 - Navrangpura,2026-02-27,RK University,B.Sc IT
GR1094,Diya Chauhan,diya.chauhan35@example.com,+91 6104187963,Video Editing | 3D Animation,RWBN - Bhavnagar,2026-02-03,VNSGU,Diploma in IT
GR1095,Aarav Desai,aarav.desai85@example.com,+91 7391115038,Graphic | UI/UX,RWA2 - Navrangpura,2026-02-21,L.D. College of Engineering,B.Com
GR1096,Sneha Desai,sneha.desai74@example.com,+91 7128563289,AI/ML & Data Science,RWBH1 - Bharuch,2026-02-15,L.D. College of Engineering,BCA
GR1097,Isha Patel,isha.patel25@example.com,+91 7884914344,Video Editing | 3D Animation,RWA6 - Vastral,2026-02-18,MSU Baroda,BCA
GR1098,Aarav Joshi,aarav.joshi64@example.com,+91 8521629307,Graphic | Video Editing,RWA4 - Bopal,2026-02-22,DDU,MCA
GR1099,Amit Sharma,amit.sharma53@example.com,+91 6304824544,Graphic | Video Editing,RWR2 - Mavdi,2026-02-09,L.D. College of Engineering,BCA
GR1100,Vivaan Rathod,vivaan.rathod21@example.com,+91 9505481089,Graphic | UI/UX,RWA3 - Maninagar,2026-02-07,MSU Baroda,M.Sc IT
GR1101,Sneha Gupta,sneha.gupta69@example.com,+91 9283445674,Video Editing | 3D Animation,RW7 - Vesu,2026-02-06,Gujarat University,MCA
GR1102,Rahul Singh,rahul.singh56@example.com,+91 7604478471,Full Stack Development,RWMH - Maheshana,2026-02-24,DDU,B.Tech Computer Science
GR1103,Isha Mehta,isha.mehta17@example.com,+91 9112908008,Graphic | Video Editing,RWSON - Online,2026-02-01,Silver Oak University,B.Sc IT
GR1104,Ayaan Singh,ayaan.singh74@example.com,+91 7856831671,Video Editing | 3D Animation,RWA1 - Nikol,2026-02-14,SVNIT,B.Com
GR1105,Krishna Chauhan,krishna.chauhan89@example.com,+91 6195866301,Video Editing | 3D Animation,RWR2 - Mavdi,2026-02-20,Silver Oak University,M.Sc IT
GR1106,Suresh Kumar,suresh.kumar19@example.com,+91 9943523475,Video Editing | 3D Animation,RWA3 - Maninagar,2026-02-02,Silver Oak University,BCA
GR1107,Suresh Verma,suresh.verma53@example.com,+91 6065530766,Graphic | Video Editing,RW8 - Dindoli,2026-02-06,Silver Oak University,Diploma in IT
GR1108,Krishna Shah,krishna.shah13@example.com,+91 6413277815,Graphic | UI/UX,RWVN1 - Vidhyanagar,2026-02-04,L.D. College of Engineering,B.Sc IT
GR1109,Sneha Parmar,sneha.parmar98@example.com,+91 8842717686,Graphic | UI/UX,RWA6 - Vastral,2026-02-16,VNSGU,BBA
GR1110,Vivaan Mehta,vivaan.mehta32@example.com,+91 8550158280,Full Stack Development,RWA1 - Nikol,2026-02-15,Nirma University,Diploma in IT
GR1111,Ramesh Sharma,ramesh.sharma48@example.com,+91 6922325139,Graphic | UI/UX,RWA5 - Chandkheda,2026-02-15,RK University,BBA
GR1112,Diya Desai,diya.desai89@example.com,+91 8676433697,Graphic | UI/UX,RWNV1 - Navshari,2026-02-02,SVNIT,MCA
GR1113,Ramesh Mehta,ramesh.mehta54@example.com,+91 7878652931,Graphic | Video Editing,RW8 - Dindoli,2026-02-25,L.D. College of Engineering,BCA
GR1114,Vikram Rathod,vikram.rathod89@example.com,+91 8178036383,Graphic | Video Editing,RWMH - Maheshana,2026-02-18,Silver Oak University,MCA
GR1115,Vikram Desai,vikram.desai91@example.com,+91 8992822239,AI/ML & Data Science,RWSON - Online,2026-02-04,L.D. College of Engineering,BCA
GR1116,Ayaan Patel,ayaan.patel57@example.com,+91 7771900228,AI/ML & Data Science,RWNV1 - Navshari,2026-02-22,L.D. College of Engineering,B.Sc IT
GR1117,Suresh Parmar,suresh.parmar13@example.com,+91 9543023523,Video Editing | 3D Animation,RWGN1 - Gandhinagar,2026-02-25,MSU Baroda,BCA
GR1118,Amit Kumar,amit.kumar80@example.com,+91 8997486598,Graphic | Video Editing,RWA6 - Vastral,2026-02-25,Silver Oak University,BCA
GR1119,Maya Singh,maya.singh76@example.com,+91 6879228814,Full Stack Development,RWBH1 - Bharuch,2026-02-03,DDU,BCA
GR1120,Isha Patel,isha.patel68@example.com,+91 6276342868,Full Stack Development,RWA3 - Maninagar,2026-02-25,DDU,MCA
GR1121,Vivaan Trivedi,vivaan.trivedi49@example.com,+91 6665701059,Video Editing | 3D Animation,RWR1 - Kotecha,2026-02-02,VNSGU,B.Sc IT
GR1122,Krishna Vyas,krishna.vyas25@example.com,+91 7705655851,Video Editing | 3D Animation,RWGN1 - Gandhinagar,2026-02-04,Marwadi University,BBA
GR1123,Rahul Joshi,rahul.joshi89@example.com,+91 8425752528,AI/ML & Data Science,RW5 - Ved Road,2026-02-04,DDU,M.Sc IT
GR1124,Kavya Shah,kavya.shah88@example.com,+91 7211638579,Graphic | UI/UX,RWA3 - Maninagar,2026-02-02,DDU,BCA
GR1125,Kriti Trivedi,kriti.trivedi89@example.com,+91 7272894537,Graphic | UI/UX,RW2 - Yogi Chowk,2026-02-12,VNSGU,BBA
GR1126,Sai Kumar,sai.kumar60@example.com,+91 6108938067,Graphic | UI/UX,RWVN1 - Vidhyanagar,2026-02-02,Silver Oak University,B.Sc IT
GR1127,Kriti Verma,kriti.verma11@example.com,+91 9919421836,Full Stack Development,RW6 - Adajan,2026-02-24,Gujarat University,B.Com
GR1128,Neha Singh,neha.singh57@example.com,+91 8870328193,AI/ML & Data Science,RWBH1 - Bharuch,2026-02-17,L.D. College of Engineering,MCA
GR1129,Vihaan Gupta,vihaan.gupta38@example.com,+91 8086940226,Video Editing | 3D Animation,RW2 - Yogi Chowk,2026-02-13,MSU Baroda,B.Tech Computer Science
GR1130,Riya Patel,riya.patel12@example.com,+91 6713071215,Graphic | UI/UX,RWSON - Online,2026-02-15,SVNIT,BCA
GR1131,Ayaan Singh,ayaan.singh17@example.com,+91 9843428560,Video Editing | 3D Animation,RW1 - A.K Road,2026-02-16,MSU Baroda,Diploma in IT
GR1132,Isha Shah,isha.shah57@example.com,+91 9428694486,AI/ML & Data Science,RWA5 - Chandkheda,2026-02-18,L.D. College of Engineering,M.Sc IT
GR1133,Ayaan Mehta,ayaan.mehta42@example.com,+91 6942936793,AI/ML & Data Science,RWMH - Maheshana,2026-02-20,Silver Oak University,Diploma in IT
GR1134,Isha Vyas,isha.vyas13@example.com,+91 8897441937,Graphic | Video Editing,RW8 - Dindoli,2026-02-04,Gujarat University,Diploma in IT
GR1135,Sai Gupta,sai.gupta85@example.com,+91 7269473720,Graphic | Video Editing,RWA2 - Navrangpura,2026-02-18,DDU,Diploma in IT
GR1136,Ramesh Desai,ramesh.desai98@example.com,+91 8186898514,Graphic | Video Editing,RWBN - Bhavnagar,2026-02-09,MSU Baroda,B.Com
GR1137,Kriti Joshi,kriti.joshi14@example.com,+91 8080708961,AI/ML & Data Science,RW1 - A.K Road,2026-02-27,DDU,M.Sc IT
GR1138,Suresh Patel,suresh.patel74@example.com,+91 9861257980,Graphic | UI/UX,RWSON - Online,2026-02-05,Gujarat University,B.Sc IT
GR1139,Tara Chauhan,tara.chauhan67@example.com,+91 7879690324,Graphic | Video Editing,RWA6 - Vastral,2026-02-16,DDU,Diploma in IT
GR1140,Ramesh Vyas,ramesh.vyas49@example.com,+91 8746085116,AI/ML & Data Science,RW2 - Yogi Chowk,2026-02-01,VNSGU,MCA
GR1141,Ayaan Verma,ayaan.verma52@example.com,+91 9933022591,Graphic | Video Editing,RWGN1 - Gandhinagar,2026-02-04,Silver Oak University,B.Com
GR1142,Ramesh Rathod,ramesh.rathod65@example.com,+91 8721957473,Graphic | Video Editing,RW1 - A.K Road,2026-02-09,MSU Baroda,BBA
GR1143,Kriti Desai,kriti.desai75@example.com,+91 8765440225,Graphic | UI/UX,RWJN1 - Junagadh,2026-02-02,Silver Oak University,Diploma in IT
GR1144,Vikram Parmar,vikram.parmar35@example.com,+91 9787889150,Graphic | Video Editing,RW4 - Mota Varachha,2026-02-09,RK University,MCA
GR1145,Riya Desai,riya.desai50@example.com,+91 8920946508,Graphic | UI/UX,RW1 - A.K Road,2026-02-14,MSU Baroda,BBA
GR1146,Sneha Rathod,sneha.rathod33@example.com,+91 8863395084,Video Editing | 3D Animation,RWA3 - Maninagar,2026-02-20,Silver Oak University,MCA
GR1147,Aditya Singh,aditya.singh88@example.com,+91 7209715324,Video Editing | 3D Animation,RWSON - Online,2026-02-12,Marwadi University,B.Tech Computer Science
GR1148,Ayaan Gupta,ayaan.gupta55@example.com,+91 7684725280,Video Editing | 3D Animation,RWNV1 - Navshari,2026-02-01,Gujarat University,MCA
GR1149,Kriti Desai,kriti.desai43@example.com,+91 9409837447,Graphic | UI/UX,RW4 - Mota Varachha,2026-02-14,Nirma University,B.Sc IT
GR1150,Amit Mehta,amit.mehta51@example.com,+91 7388531631,Full Stack Development,RWA3 - Maninagar,2026-02-09,MSU Baroda,BCA
GR1151,Arjun Patel,arjun.patel43@example.com,+91 6643719031,Graphic | UI/UX,RWA4 - Bopal,2026-02-01,VNSGU,B.Tech Computer Science
GR1152,Diya Vyas,diya.vyas43@example.com,+91 7440140715,Video Editing | 3D Animation,RWA1 - Nikol,2026-02-24,L.D. College of Engineering,BCA
GR1153,Neha Gupta,neha.gupta67@example.com,+91 6363864030,Graphic | UI/UX,RWGN1 - Gandhinagar,2026-02-15,MSU Baroda,B.Sc IT
GR1154,Pooja Chauhan,pooja.chauhan96@example.com,+91 7578235798,AI/ML & Data Science,RW2 - Yogi Chowk,2026-02-05,L.D. College of Engineering,B.Tech Computer Science
GR1155,Aarav Trivedi,aarav.trivedi34@example.com,+91 8330701278,Graphic | Video Editing,RW4 - Mota Varachha,2026-02-11,L.D. College of Engineering,Diploma in IT
GR1156,Kriti Singh,kriti.singh49@example.com,+91 8135443262,Graphic | Video Editing,RW6 - Adajan,2026-02-21,Nirma University,BBA
GR1157,Amit Chauhan,amit.chauhan72@example.com,+91 9736494146,AI/ML & Data Science,RWA3 - Maninagar,2026-02-04,Gujarat University,B.Com
GR1158,Neha Vyas,neha.vyas13@example.com,+91 9675489927,AI/ML & Data Science,RW4 - Mota Varachha,2026-02-09,Nirma University,BCA
GR1159,Ayaan Gupta,ayaan.gupta18@example.com,+91 6507104678,Graphic | UI/UX,RW6 - Adajan,2026-02-08,RK University,B.Com
GR1160,Sai Parmar,sai.parmar18@example.com,+91 6037213436,Full Stack Development,RWBN - Bhavnagar,2026-02-11,RK University,MCA
GR1161,Vikram Desai,vikram.desai37@example.com,+91 6643479603,Graphic | UI/UX,RWBN - Bhavnagar,2026-02-05,L.D. College of Engineering,MCA
GR1162,Diya Mehta,diya.mehta17@example.com,+91 9642099791,Video Editing | 3D Animation,RWA5 - Chandkheda,2026-02-13,DDU,BCA
GR1163,Shaurya Kumar,shaurya.kumar29@example.com,+91 7344962162,Graphic | Video Editing,RWA1 - Nikol,2026-02-17,RK University,B.Com
GR1164,Ramesh Rathod,ramesh.rathod28@example.com,+91 7327103507,Full Stack Development,RWA6 - Vastral,2026-02-04,Silver Oak University,BBA
GR1165,Maya Sharma,maya.sharma40@example.com,+91 6310835743,Graphic | UI/UX,RW4 - Mota Varachha,2026-02-05,DDU,M.Sc IT
GR1166,Arjun Mehta,arjun.mehta44@example.com,+91 6628603358,Video Editing | 3D Animation,RWSON - Online,2026-02-20,SVNIT,BBA
GR1167,Ishaan Rathod,ishaan.rathod87@example.com,+91 7682081595,AI/ML & Data Science,RWMH - Maheshana,2026-02-25,SVNIT,B.Tech Computer Science
GR1168,Kriti Verma,kriti.verma16@example.com,+91 7441193840,Graphic | Video Editing,RWVN1 - Vidhyanagar,2026-02-09,Silver Oak University,BBA
GR1169,Arjun Kumar,arjun.kumar39@example.com,+91 9798291134,AI/ML & Data Science,RWA6 - Vastral,2026-02-11,RK University,MCA
GR1170,Suresh Chauhan,suresh.chauhan52@example.com,+91 6595725745,Video Editing | 3D Animation,RW1 - A.K Road,2026-02-08,L.D. College of Engineering,BCA
GR1171,Rahul Gupta,rahul.gupta47@example.com,+91 8814910201,Video Editing | 3D Animation,RWBH1 - Bharuch,2026-02-19,SVNIT,B.Sc IT
GR1172,Suresh Parmar,suresh.parmar56@example.com,+91 6307512357,Graphic | UI/UX,RWA6 - Vastral,2026-02-23,L.D. College of Engineering,BCA
GR1173,Ishaan Shah,ishaan.shah10@example.com,+91 6316688455,Graphic | Video Editing,RWA5 - Chandkheda,2026-02-14,Marwadi University,M.Sc IT
GR1174,Vivaan Kumar,vivaan.kumar24@example.com,+91 8982662109,AI/ML & Data Science,RWSON - Online,2026-02-17,Nirma University,B.Sc IT
GR1175,Pooja Vyas,pooja.vyas87@example.com,+91 8078543907,Full Stack Development,RW7 - Vesu,2026-02-11,DDU,Diploma in IT
GR1176,Pooja Sharma,pooja.sharma95@example.com,+91 6968629591,AI/ML & Data Science,RWR1 - Kotecha,2026-02-27,SVNIT,B.Tech Computer Science
GR1177,Pooja Kumar,pooja.kumar99@example.com,+91 9269221286,Graphic | UI/UX,RW4 - Mota Varachha,2026-02-02,Gujarat University,B.Tech Computer Science
GR1178,Sai Mehta,sai.mehta76@example.com,+91 7083500058,Graphic | Video Editing,RWA6 - Vastral,2026-02-13,Marwadi University,MCA
GR1179,Diya Gupta,diya.gupta87@example.com,+91 6834297645,AI/ML & Data Science,RWNV1 - Navshari,2026-02-07,DDU,Diploma in IT
GR1180,Diya Desai,diya.desai26@example.com,+91 9096137853,Graphic | UI/UX,RWR2 - Mavdi,2026-02-14,Marwadi University,MCA
GR1181,Pooja Mehta,pooja.mehta26@example.com,+91 6762640471,Full Stack Development,RW1 - A.K Road,2026-02-03,DDU,Diploma in IT
GR1182,Aditya Singh,aditya.singh55@example.com,+91 7830417138,Graphic | UI/UX,RWA6 - Vastral,2026-02-08,VNSGU,B.Tech Computer Science
GR1183,Pooja Parmar,pooja.parmar31@example.com,+91 7045402246,AI/ML & Data Science,RWBN - Bhavnagar,2026-02-13,RK University,B.Com
GR1184,Ayaan Rathod,ayaan.rathod85@example.com,+91 8728037505,Graphic | UI/UX,RWJN1 - Junagadh,2026-02-12,Silver Oak University,MCA
GR1185,Ayaan Verma,ayaan.verma84@example.com,+91 9474136436,Full Stack Development,RWA1 - Nikol,2026-02-07,Gujarat University,BCA
GR1186,Ayaan Trivedi,ayaan.trivedi63@example.com,+91 6011669544,Full Stack Development,RW6 - Adajan,2026-02-18,L.D. College of Engineering,B.Sc IT
GR1187,Rahul Trivedi,rahul.trivedi49@example.com,+91 9549808938,Graphic | UI/UX,RW7 - Vesu,2026-02-20,Silver Oak University,M.Sc IT
GR1188,Vivaan Patel,vivaan.patel75@example.com,+91 9581449258,Graphic | Video Editing,RWR1 - Kotecha,2026-02-08,SVNIT,Diploma in IT
GR1189,Ishaan Verma,ishaan.verma41@example.com,+91 9705443944,Graphic | UI/UX,RWA3 - Maninagar,2026-02-01,Silver Oak University,B.Com
GR1190,Kriti Parmar,kriti.parmar72@example.com,+91 6287657043,AI/ML & Data Science,RW5 - Ved Road,2026-02-07,SVNIT,BBA
GR1191,Aarav Mehta,aarav.mehta91@example.com,+91 7638247545,Graphic | Video Editing,RW6 - Adajan,2026-02-23,Marwadi University,B.Com
GR1192,Pooja Singh,pooja.singh78@example.com,+91 8564014902,Graphic | UI/UX,RWA4 - Bopal,2026-02-03,Silver Oak University,M.Sc IT
GR1193,Shaurya Joshi,shaurya.joshi11@example.com,+91 6483627341,Full Stack Development,RWA2 - Navrangpura,2026-02-12,DDU,M.Sc IT
GR1194,Aditya Trivedi,aditya.trivedi74@example.com,+91 6112365998,Graphic | Video Editing,RWA6 - Vastral,2026-02-28,Silver Oak University,BCA
GR1195,Krishna Singh,krishna.singh45@example.com,+91 6346796061,Graphic | UI/UX,RWVN1 - Vidhyanagar,2026-02-21,Gujarat University,B.Sc IT
GR1196,Isha Vyas,isha.vyas65@example.com,+91 8223329852,Video Editing | 3D Animation,RW1 - A.K Road,2026-02-17,MSU Baroda,BCA
GR1197,Isha Mehta,isha.mehta25@example.com,+91 9439750343,AI/ML & Data Science,RW7 - Vesu,2026-02-04,Silver Oak University,M.Sc IT
GR1198,Ramesh Kumar,ramesh.kumar81@example.com,+91 9007310518,Graphic | UI/UX,RWA3 - Maninagar,2026-02-05,VNSGU,B.Sc IT
GR1199,Rahul Rathod,rahul.rathod15@example.com,+91 7770970742,Graphic | Video Editing,RWA5 - Chandkheda,2026-02-02,RK University,Diploma in IT
GR1200,Vivaan Verma,vivaan.verma30@example.com,+91 8661734820,Graphic | Video Editing,RW6 - Adajan,2026-02-19,L.D. College of Engineering,BCA
GR1201,Aditya Rathod,aditya.rathod26@example.com,+91 7017390539,AI/ML & Data Science,RWSON - Online,2026-02-07,VNSGU,BBA
GR1202,Vikram Singh,vikram.singh25@example.com,+91 9924061826,Full Stack Development,RWBN - Bhavnagar,2026-02-28,VNSGU,BBA
GR1203,Sneha Patel,sneha.patel86@example.com,+91 8521315445,Graphic | UI/UX,RWNV1 - Navshari,2026-02-04,MSU Baroda,BCA
GR1204,Amit Gupta,amit.gupta41@example.com,+91 8148728384,Graphic | UI/UX,RW4 - Mota Varachha,2026-02-09,Gujarat University,B.Tech Computer Science
GR1205,Amit Joshi,amit.joshi18@example.com,+91 7897288029,Full Stack Development,RW7 - Vesu,2026-02-15,Gujarat University,B.Com
GR1206,Ramesh Mehta,ramesh.mehta97@example.com,+91 8454923011,Graphic | Video Editing,RW8 - Dindoli,2026-02-08,Gujarat University,B.Tech Computer Science
GR1207,Aditya Desai,aditya.desai16@example.com,+91 9569191834,Video Editing | 3D Animation,RWA5 - Chandkheda,2026-02-23,MSU Baroda,B.Tech Computer Science
GR1208,Riya Verma,riya.verma75@example.com,+91 8230961870,Graphic | UI/UX,RWBH1 - Bharuch,2026-02-02,DDU,BCA
GR1209,Sai Shah,sai.shah45@example.com,+91 6232522874,AI/ML & Data Science,RWA1 - Nikol,2026-02-23,Nirma University,M.Sc IT
GR1210,Krishna Vyas,krishna.vyas89@example.com,+91 9327656053,Graphic | UI/UX,RW4 - Mota Varachha,2026-02-03,Gujarat University,B.Tech Computer Science
GR1211,Shaurya Parmar,shaurya.parmar94@example.com,+91 8176987793,AI/ML & Data Science,RW7 - Vesu,2026-02-10,Marwadi University,MCA
GR1212,Shaurya Vyas,shaurya.vyas96@example.com,+91 8005867709,Graphic | UI/UX,RWAM1 - Amreli,2026-02-14,MSU Baroda,B.Com
GR1213,Vikram Shah,vikram.shah55@example.com,+91 7038060902,Graphic | Video Editing,RWA2 - Navrangpura,2026-02-09,VNSGU,BCA
GR1214,Amit Shah,amit.shah63@example.com,+91 8306361303,Video Editing | 3D Animation,RWA2 - Navrangpura,2026-02-28,VNSGU,B.Tech Computer Science
GR1215,Kavya Parmar,kavya.parmar37@example.com,+91 7703152812,AI/ML & Data Science,RW8 - Dindoli,2026-02-22,L.D. College of Engineering,BBA
GR1216,Neha Joshi,neha.joshi12@example.com,+91 8737521766,AI/ML & Data Science,RWMH - Maheshana,2026-02-26,VNSGU,M.Sc IT
GR1217,Shaurya Shah,shaurya.shah50@example.com,+91 7807654972,Full Stack Development,RWJN1 - Junagadh,2026-02-20,RK University,B.Sc IT
GR1218,Kriti Trivedi,kriti.trivedi22@example.com,+91 8129984791,AI/ML & Data Science,RWSON - Online,2026-02-13,Nirma University,B.Tech Computer Science
GR1219,Kavya Rathod,kavya.rathod59@example.com,+91 7424728993,Full Stack Development,RW6 - Adajan,2026-02-26,MSU Baroda,B.Tech Computer Science
GR1220,Aarav Shah,aarav.shah58@example.com,+91 7106633056,AI/ML & Data Science,RWVN1 - Vidhyanagar,2026-02-15,MSU Baroda,Diploma in IT
GR1221,Sneha Gupta,sneha.gupta92@example.com,+91 9647719410,AI/ML & Data Science,RWVN1 - Vidhyanagar,2026-02-22,RK University,B.Com
GR1222,Ayaan Rathod,ayaan.rathod30@example.com,+91 6287171004,Graphic | UI/UX,RWNV1 - Navshari,2026-02-27,L.D. College of Engineering,BCA
GR1223,Suresh Patel,suresh.patel79@example.com,+91 7680410889,Full Stack Development,RWR1 - Kotecha,2026-02-05,SVNIT,MCA
GR1224,Riya Trivedi,riya.trivedi69@example.com,+91 9620044283,AI/ML & Data Science,RWVN1 - Vidhyanagar,2026-02-14,L.D. College of Engineering,MCA
GR1225,Vivaan Mehta,vivaan.mehta90@example.com,+91 6116726200,Graphic | Video Editing,RWAM1 - Amreli,2026-02-02,MSU Baroda,BCA
GR1226,Ramesh Gupta,ramesh.gupta48@example.com,+91 8578806536,Video Editing | 3D Animation,RW4 - Mota Varachha,2026-02-11,Marwadi University,BBA
GR1227,Rahul Kumar,rahul.kumar62@example.com,+91 7950089332,Full Stack Development,RWA6 - Vastral,2026-02-17,Marwadi University,M.Sc IT
GR1228,Ayaan Kumar,ayaan.kumar87@example.com,+91 7685940499,Graphic | Video Editing,RW8 - Dindoli,2026-02-12,SVNIT,B.Tech Computer Science
GR1229,Suresh Verma,suresh.verma86@example.com,+91 7069308583,Full Stack Development,RWA5 - Chandkheda,2026-02-11,RK University,B.Tech Computer Science
GR1230,Vihaan Singh,vihaan.singh14@example.com,+91 9709614684,Full Stack Development,RWMH - Maheshana,2026-02-19,Gujarat University,B.Tech Computer Science
GR1231,Amit Trivedi,amit.trivedi16@example.com,+91 9765467904,Graphic | Video Editing,RWAM1 - Amreli,2026-02-25,VNSGU,BCA
GR1232,Vihaan Verma,vihaan.verma83@example.com,+91 7332544902,Graphic | Video Editing,RW7 - Vesu,2026-02-18,Gujarat University,BCA
GR1233,Arjun Sharma,arjun.sharma72@example.com,+91 6749770608,Graphic | Video Editing,RWJN1 - Junagadh,2026-02-04,Nirma University,M.Sc IT
GR1234,Ishaan Patel,ishaan.patel89@example.com,+91 7721351405,Graphic | Video Editing,RWA2 - Navrangpura,2026-02-21,Marwadi University,B.Sc IT
GR1235,Aditya Singh,aditya.singh88@example.com,+91 8057344038,Video Editing | 3D Animation,RWAM1 - Amreli,2026-02-21,VNSGU,BBA
GR1236,Suresh Vyas,suresh.vyas99@example.com,+91 6090319407,Graphic | UI/UX,RWR1 - Kotecha,2026-02-25,Marwadi University,MCA
GR1237,Vivaan Rathod,vivaan.rathod31@example.com,+91 6082056317,AI/ML & Data Science,RWVN1 - Vidhyanagar,2026-02-01,RK University,MCA
GR1238,Kriti Shah,kriti.shah53@example.com,+91 7462689331,AI/ML & Data Science,RW7 - Vesu,2026-02-07,L.D. College of Engineering,MCA
GR1239,Rahul Singh,rahul.singh52@example.com,+91 8219005543,AI/ML & Data Science,RWA2 - Navrangpura,2026-02-10,Marwadi University,Diploma in IT
GR1240,Kriti Sharma,kriti.sharma13@example.com,+91 6222630901,Full Stack Development,RWMH - Maheshana,2026-02-26,MSU Baroda,BCA
GR1241,Ramesh Kumar,ramesh.kumar39@example.com,+91 7531959695,Video Editing | 3D Animation,RWJN1 - Junagadh,2026-02-15,RK University,MCA
GR1242,Kriti Joshi,kriti.joshi35@example.com,+91 7138176191,Full Stack Development,RWMH - Maheshana,2026-02-17,Gujarat University,Diploma in IT
GR1243,Tara Trivedi,tara.trivedi78@example.com,+91 6750777918,Full Stack Development,RW4 - Mota Varachha,2026-02-09,Marwadi University,B.Tech Computer Science
GR1244,Krishna Sharma,krishna.sharma83@example.com,+91 8811631398,Video Editing | 3D Animation,RWSON - Online,2026-02-03,DDU,B.Tech Computer Science
GR1245,Pooja Trivedi,pooja.trivedi97@example.com,+91 8319476555,Graphic | UI/UX,RW7 - Vesu,2026-02-21,Marwadi University,B.Tech Computer Science
GR1246,Isha Joshi,isha.joshi81@example.com,+91 9966268767,Full Stack Development,RWA3 - Maninagar,2026-02-20,MSU Baroda,M.Sc IT
GR1247,Shaurya Singh,shaurya.singh40@example.com,+91 6074612834,Graphic | UI/UX,RW2 - Yogi Chowk,2026-02-21,Silver Oak University,Diploma in IT
GR1248,Amit Shah,amit.shah12@example.com,+91 7854403319,AI/ML & Data Science,RWR1 - Kotecha,2026-02-10,Silver Oak University,BBA
GR1249,Vivaan Gupta,vivaan.gupta19@example.com,+91 6396550291,Graphic | Video Editing,RWR1 - Kotecha,2026-02-18,Silver Oak University,BBA
GR1250,Maya Kumar,maya.kumar16@example.com,+91 7904383843,Full Stack Development,RWBN - Bhavnagar,2026-02-28,MSU Baroda,B.Tech Computer Science
GR1251,Vikram Desai,vikram.desai19@example.com,+91 7705675259,Video Editing | 3D Animation,RW8 - Dindoli,2026-02-22,MSU Baroda,B.Sc IT
GR1252,Riya Verma,riya.verma72@example.com,+91 9018977616,Full Stack Development,RWA5 - Chandkheda,2026-02-27,Marwadi University,Diploma in IT
GR1253,Kriti Singh,kriti.singh31@example.com,+91 9924447297,Graphic | UI/UX,RWAM1 - Amreli,2026-02-01,Silver Oak University,B.Tech Computer Science
GR1254,Kriti Gupta,kriti.gupta79@example.com,+91 9576124709,Graphic | Video Editing,RW8 - Dindoli,2026-02-15,RK University,M.Sc IT
GR1255,Sai Sharma,sai.sharma32@example.com,+91 6425034133,AI/ML & Data Science,RWSON - Online,2026-02-23,RK University,B.Com
GR1256,Sneha Patel,sneha.patel60@example.com,+91 6089760177,Graphic | Video Editing,RW4 - Mota Varachha,2026-02-12,DDU,BCA
GR1257,Diya Shah,diya.shah45@example.com,+91 8548065145,Full Stack Development,RW4 - Mota Varachha,2026-02-17,Silver Oak University,M.Sc IT
GR1258,Rahul Desai,rahul.desai71@example.com,+91 9142349815,Graphic | UI/UX,RWA3 - Maninagar,2026-02-23,SVNIT,BCA
GR1259,Ayaan Singh,ayaan.singh82@example.com,+91 9723458761,AI/ML & Data Science,RWNV1 - Navshari,2026-02-22,Gujarat University,Diploma in IT
GR1260,Vihaan Verma,vihaan.verma21@example.com,+91 8450233787,Graphic | Video Editing,RWGN1 - Gandhinagar,2026-02-04,L.D. College of Engineering,M.Sc IT
GR1261,Shaurya Vyas,shaurya.vyas48@example.com,+91 7650377178,Video Editing | 3D Animation,RW5 - Ved Road,2026-02-25,Nirma University,Diploma in IT
GR1262,Rahul Vyas,rahul.vyas56@example.com,+91 9556919139,Graphic | UI/UX,RWA2 - Navrangpura,2026-02-28,Gujarat University,BBA
GR1263,Arjun Verma,arjun.verma67@example.com,+91 8339862140,Graphic | Video Editing,RWMH - Maheshana,2026-02-01,DDU,BCA
GR1264,Pooja Sharma,pooja.sharma99@example.com,+91 7955096206,Graphic | UI/UX,RW1 - A.K Road,2026-02-26,Nirma University,M.Sc IT
GR1265,Vihaan Joshi,vihaan.joshi70@example.com,+91 8364649047,Graphic | UI/UX,RWMH - Maheshana,2026-02-09,Silver Oak University,BCA
GR1266,Krishna Chauhan,krishna.chauhan59@example.com,+91 8851721899,Graphic | Video Editing,RWA3 - Maninagar,2026-02-04,Gujarat University,B.Com
GR1267,Sneha Gupta,sneha.gupta33@example.com,+91 9657180150,Full Stack Development,RWA4 - Bopal,2026-02-24,RK University,B.Sc IT
GR1268,Sai Trivedi,sai.trivedi27@example.com,+91 8823608058,Graphic | UI/UX,RWNV1 - Navshari,2026-02-11,MSU Baroda,BCA
GR1269,Suresh Parmar,suresh.parmar38@example.com,+91 8134846758,AI/ML & Data Science,RWA2 - Navrangpura,2026-02-01,L.D. College of Engineering,B.Tech Computer Science
GR1270,Tara Patel,tara.patel42@example.com,+91 7460616430,Graphic | UI/UX,RW4 - Mota Varachha,2026-02-06,Silver Oak University,B.Sc IT
GR1271,Kavya Sharma,kavya.sharma30@example.com,+91 7578793813,Graphic | Video Editing,RWA6 - Vastral,2026-02-09,RK University,M.Sc IT
GR1272,Vikram Joshi,vikram.joshi12@example.com,+91 7064276135,Graphic | UI/UX,RWAM1 - Amreli,2026-02-05,L.D. College of Engineering,BCA
GR1273,Shaurya Singh,shaurya.singh57@example.com,+91 9426372968,Graphic | UI/UX,RW7 - Vesu,2026-02-05,Nirma University,Diploma in IT
GR1274,Ramesh Trivedi,ramesh.trivedi77@example.com,+91 6489785759,AI/ML & Data Science,RW2 - Yogi Chowk,2026-02-07,DDU,BCA
GR1275,Shaurya Gupta,shaurya.gupta74@example.com,+91 8262474020,Full Stack Development,RWSON - Online,2026-02-17,MSU Baroda,Diploma in IT
GR1276,Arjun Mehta,arjun.mehta45@example.com,+91 7721121484,Graphic | Video Editing,RWR2 - Mavdi,2026-02-27,DDU,Diploma in IT
GR1277,Aarav Sharma,aarav.sharma83@example.com,+91 9230120622,Video Editing | 3D Animation,RWAM1 - Amreli,2026-02-25,L.D. College of Engineering,Diploma in IT
GR1278,Aarav Joshi,aarav.joshi67@example.com,+91 8104888808,Graphic | Video Editing,RWSON - Online,2026-02-15,SVNIT,M.Sc IT
GR1279,Vikram Sharma,vikram.sharma15@example.com,+91 6174473554,Video Editing | 3D Animation,RW6 - Adajan,2026-02-05,SVNIT,MCA
GR1280,Arjun Chauhan,arjun.chauhan65@example.com,+91 7754044581,Full Stack Development,RWA1 - Nikol,2026-02-08,MSU Baroda,BCA
GR1281,Rahul Mehta,rahul.mehta30@example.com,+91 7527446690,Graphic | UI/UX,RWA2 - Navrangpura,2026-02-08,Silver Oak University,B.Com
GR1282,Vikram Trivedi,vikram.trivedi22@example.com,+91 8919461941,Full Stack Development,RW6 - Adajan,2026-02-21,MSU Baroda,B.Tech Computer Science
GR1283,Riya Kumar,riya.kumar15@example.com,+91 8051244626,Full Stack Development,RW7 - Vesu,2026-02-04,Gujarat University,BCA
GR1284,Suresh Chauhan,suresh.chauhan43@example.com,+91 6628656295,Full Stack Development,RW6 - Adajan,2026-02-10,Nirma University,B.Tech Computer Science
GR1285,Ayaan Singh,ayaan.singh90@example.com,+91 9363524096,AI/ML & Data Science,RW4 - Mota Varachha,2026-02-19,Silver Oak University,B.Tech Computer Science
GR1286,Kavya Patel,kavya.patel46@example.com,+91 8543385285,Graphic | UI/UX,RW4 - Mota Varachha,2026-02-25,Silver Oak University,MCA
GR1287,Amit Parmar,amit.parmar96@example.com,+91 9387169509,Video Editing | 3D Animation,RW8 - Dindoli,2026-02-12,Marwadi University,BCA
GR1288,Pooja Shah,pooja.shah12@example.com,+91 8937183474,Graphic | UI/UX,RW4 - Mota Varachha,2026-02-19,Nirma University,B.Sc IT
GR1289,Krishna Rathod,krishna.rathod32@example.com,+91 7069194305,Full Stack Development,RWGN1 - Gandhinagar,2026-02-22,Gujarat University,B.Sc IT
GR1290,Aditya Singh,aditya.singh39@example.com,+91 8754812635,AI/ML & Data Science,RWBN - Bhavnagar,2026-02-24,L.D. College of Engineering,B.Sc IT
GR1291,Sai Gupta,sai.gupta41@example.com,+91 7501240209,Video Editing | 3D Animation,RW2 - Yogi Chowk,2026-02-08,MSU Baroda,Diploma in IT
GR1292,Kavya Vyas,kavya.vyas30@example.com,+91 6980345198,Graphic | Video Editing,RWSON - Online,2026-02-16,Gujarat University,BBA
GR1293,Amit Vyas,amit.vyas39@example.com,+91 9804588113,Graphic | UI/UX,RWJN1 - Junagadh,2026-02-28,Silver Oak University,MCA
GR1294,Ishaan Vyas,ishaan.vyas34@example.com,+91 6456190222,AI/ML & Data Science,RWA4 - Bopal,2026-02-27,L.D. College of Engineering,B.Com
GR1295,Riya Gupta,riya.gupta25@example.com,+91 7347205609,Graphic | UI/UX,RW2 - Yogi Chowk,2026-02-07,Silver Oak University,BCA
GR1296,Ishaan Sharma,ishaan.sharma48@example.com,+91 8149947908,Video Editing | 3D Animation,RWJN1 - Junagadh,2026-02-03,Marwadi University,B.Tech Computer Science
GR1297,Aarav Mehta,aarav.mehta28@example.com,+91 7564683613,Graphic | Video Editing,RW7 - Vesu,2026-02-09,Marwadi University,B.Com
GR1298,Ramesh Mehta,ramesh.mehta19@example.com,+91 9284972822,Graphic | UI/UX,RWA2 - Navrangpura,2026-02-06,VNSGU,BCA
GR1299,Krishna Verma,krishna.verma35@example.com,+91 6775392523,Full Stack Development,RWA5 - Chandkheda,2026-02-02,Gujarat University,B.Com
GR1300,Krishna Vyas,krishna.vyas68@example.com,+91 8974447593,Full Stack Development,RWA5 - Chandkheda,2026-02-20,DDU,Diploma in IT
GR1301,Maya Shah,maya.shah86@example.com,+91 9464956463,Full Stack Development,RWNV1 - Navshari,2026-02-14,Nirma University,BBA
GR1302,Aarav Parmar,aarav.parmar97@example.com,+91 8136967307,Video Editing | 3D Animation,RWGN1 - Gandhinagar,2026-02-05,Silver Oak University,B.Tech Computer Science
GR1303,Amit Trivedi,amit.trivedi59@example.com,+91 8993165031,Full Stack Development,RW1 - A.K Road,2026-02-16,MSU Baroda,Diploma in IT
GR1304,Sai Shah,sai.shah30@example.com,+91 8136532253,Video Editing | 3D Animation,RWNV1 - Navshari,2026-02-20,MSU Baroda,Diploma in IT
GR1305,Krishna Parmar,krishna.parmar55@example.com,+91 9496923859,Graphic | UI/UX,RWA6 - Vastral,2026-02-25,SVNIT,MCA
GR1306,Sneha Vyas,sneha.vyas14@example.com,+91 6036735690,Graphic | UI/UX,RWBH1 - Bharuch,2026-02-21,L.D. College of Engineering,B.Sc IT
GR1307,Diya Patel,diya.patel36@example.com,+91 8285764913,Graphic | Video Editing,RWA4 - Bopal,2026-02-04,L.D. College of Engineering,MCA
GR1308,Diya Joshi,diya.joshi15@example.com,+91 8865858538,AI/ML & Data Science,RW8 - Dindoli,2026-02-06,RK University,B.Tech Computer Science
GR1309,Neha Patel,neha.patel57@example.com,+91 8112621001,Video Editing | 3D Animation,RWBN - Bhavnagar,2026-02-21,RK University,B.Com
GR1310,Diya Joshi,diya.joshi47@example.com,+91 6550372239,Graphic | UI/UX,RWMH - Maheshana,2026-02-11,SVNIT,Diploma in IT
GR1311,Suresh Desai,suresh.desai92@example.com,+91 7792597568,Full Stack Development,RW4 - Mota Varachha,2026-02-25,Nirma University,Diploma in IT
GR1312,Shaurya Trivedi,shaurya.trivedi75@example.com,+91 9329832050,Full Stack Development,RWA6 - Vastral,2026-02-09,Gujarat University,BCA
GR1313,Kavya Patel,kavya.patel49@example.com,+91 7651047188,AI/ML & Data Science,RWA5 - Chandkheda,2026-02-16,VNSGU,B.Sc IT
GR1314,Sai Parmar,sai.parmar98@example.com,+91 9384185508,AI/ML & Data Science,RWAM1 - Amreli,2026-02-19,Silver Oak University,BBA
GR1315,Arjun Kumar,arjun.kumar48@example.com,+91 8475057870,AI/ML & Data Science,RWBH1 - Bharuch,2026-02-10,L.D. College of Engineering,B.Sc IT
GR1316,Aarav Patel,aarav.patel46@example.com,+91 7959280788,Full Stack Development,RWA5 - Chandkheda,2026-02-06,L.D. College of Engineering,M.Sc IT
GR1317,Isha Desai,isha.desai40@example.com,+91 7810808149,Full Stack Development,RWA4 - Bopal,2026-02-28,RK University,BCA
GR1318,Rahul Desai,rahul.desai72@example.com,+91 6566969421,Full Stack Development,RW2 - Yogi Chowk,2026-02-09,Marwadi University,BCA
GR1319,Amit Rathod,amit.rathod30@example.com,+91 8324810190,Full Stack Development,RWA4 - Bopal,2026-02-10,Nirma University,BBA
GR1320,Suresh Parmar,suresh.parmar84@example.com,+91 9352828730,Full Stack Development,RWA3 - Maninagar,2026-02-11,Gujarat University,BCA
GR1321,Kavya Singh,kavya.singh58@example.com,+91 7159001374,Full Stack Development,RWA1 - Nikol,2026-02-14,Nirma University,BBA
GR1322,Shaurya Singh,shaurya.singh36@example.com,+91 8252335673,Full Stack Development,RWBH1 - Bharuch,2026-02-20,Nirma University,BCA
GR1323,Maya Shah,maya.shah99@example.com,+91 9461783343,Video Editing | 3D Animation,RWA6 - Vastral,2026-02-24,Silver Oak University,B.Tech Computer Science
GR1324,Kriti Singh,kriti.singh19@example.com,+91 8863755271,Graphic | UI/UX,RWR1 - Kotecha,2026-02-16,SVNIT,B.Sc IT
GR1325,Neha Verma,neha.verma14@example.com,+91 8706241468,AI/ML & Data Science,RWBN - Bhavnagar,2026-02-05,MSU Baroda,M.Sc IT
GR1326,Ayaan Chauhan,ayaan.chauhan68@example.com,+91 9155309721,Video Editing | 3D Animation,RW6 - Adajan,2026-02-19,DDU,Diploma in IT
GR1327,Ramesh Mehta,ramesh.mehta65@example.com,+91 9336486714,AI/ML & Data Science,RWJN1 - Junagadh,2026-02-10,L.D. College of Engineering,B.Com
GR1328,Riya Parmar,riya.parmar16@example.com,+91 8321597729,AI/ML & Data Science,RW5 - Ved Road,2026-02-04,Nirma University,M.Sc IT
GR1329,Rahul Chauhan,rahul.chauhan43@example.com,+91 8248612063,AI/ML & Data Science,RWA2 - Navrangpura,2026-02-16,DDU,M.Sc IT
GR1330,Arjun Parmar,arjun.parmar21@example.com,+91 8885773043,Graphic | Video Editing,RW8 - Dindoli,2026-02-19,L.D. College of Engineering,B.Com
GR1331,Kavya Kumar,kavya.kumar96@example.com,+91 8523028900,Graphic | UI/UX,RWGN1 - Gandhinagar,2026-02-04,SVNIT,M.Sc IT
GR1332,Vikram Rathod,vikram.rathod51@example.com,+91 8685755852,Full Stack Development,RW8 - Dindoli,2026-02-04,Marwadi University,BCA
GR1333,Krishna Joshi,krishna.joshi41@example.com,+91 9027836753,Graphic | UI/UX,RWR1 - Kotecha,2026-02-27,RK University,B.Com
GR1334,Vivaan Rathod,vivaan.rathod67@example.com,+91 6757780590,AI/ML & Data Science,RW5 - Ved Road,2026-02-05,L.D. College of Engineering,M.Sc IT
GR1335,Neha Patel,neha.patel28@example.com,+91 7816304074,Graphic | UI/UX,RWBN - Bhavnagar,2026-02-01,Gujarat University,B.Sc IT
GR1336,Sneha Kumar,sneha.kumar44@example.com,+91 7752584713,Video Editing | 3D Animation,RWNV1 - Navshari,2026-02-18,Nirma University,B.Tech Computer Science
GR1337,Kriti Patel,kriti.patel32@example.com,+91 6397066527,AI/ML & Data Science,RWGN1 - Gandhinagar,2026-02-23,MSU Baroda,MCA
GR1338,Arjun Chauhan,arjun.chauhan48@example.com,+91 8321803221,AI/ML & Data Science,RW1 - A.K Road,2026-02-13,RK University,MCA
GR1339,Sneha Mehta,sneha.mehta90@example.com,+91 8322133650,Graphic | Video Editing,RWSON - Online,2026-02-16,VNSGU,B.Com
GR1340,Vihaan Desai,vihaan.desai92@example.com,+91 9213330415,Graphic | UI/UX,RWA3 - Maninagar,2026-02-18,Nirma University,M.Sc IT
GR1341,Pooja Singh,pooja.singh97@example.com,+91 6886673329,Graphic | UI/UX,RWA1 - Nikol,2026-02-18,MSU Baroda,BBA
GR1342,Ayaan Trivedi,ayaan.trivedi27@example.com,+91 8735789074,Graphic | UI/UX,RW8 - Dindoli,2026-02-21,SVNIT,Diploma in IT
GR1343,Ishaan Rathod,ishaan.rathod33@example.com,+91 8739622501,Video Editing | 3D Animation,RW7 - Vesu,2026-02-25,Marwadi University,B.Tech Computer Science
GR1344,Tara Gupta,tara.gupta47@example.com,+91 6097800190,Video Editing | 3D Animation,RWA3 - Maninagar,2026-02-16,DDU,B.Com
GR1345,Ayaan Shah,ayaan.shah41@example.com,+91 7487693054,Full Stack Development,RW2 - Yogi Chowk,2026-02-20,L.D. College of Engineering,Diploma in IT
GR1346,Vikram Trivedi,vikram.trivedi52@example.com,+91 8227665734,Graphic | Video Editing,RWA5 - Chandkheda,2026-02-21,L.D. College of Engineering,B.Com
GR1347,Sai Kumar,sai.kumar85@example.com,+91 6841119247,Graphic | UI/UX,RWA3 - Maninagar,2026-02-21,Marwadi University,Diploma in IT
GR1348,Diya Chauhan,diya.chauhan87@example.com,+91 6375556358,Graphic | Video Editing,RWA3 - Maninagar,2026-02-04,Marwadi University,MCA
GR1349,Vihaan Verma,vihaan.verma10@example.com,+91 6132078150,Full Stack Development,RW7 - Vesu,2026-02-21,Silver Oak University,M.Sc IT
GR1350,Sai Sharma,sai.sharma28@example.com,+91 9743817018,AI/ML & Data Science,RWA3 - Maninagar,2026-02-18,Marwadi University,B.Com
GR1351,Ayaan Singh,ayaan.singh40@example.com,+91 8197703421,Graphic | Video Editing,RWNV1 - Navshari,2026-02-06,Silver Oak University,B.Tech Computer Science
GR1352,Amit Joshi,amit.joshi10@example.com,+91 7777164981,Graphic | Video Editing,RWJN1 - Junagadh,2026-02-23,Gujarat University,M.Sc IT
GR1353,Amit Kumar,amit.kumar90@example.com,+91 8249046657,Graphic | Video Editing,RWR1 - Kotecha,2026-02-08,L.D. College of Engineering,B.Com
GR1354,Shaurya Trivedi,shaurya.trivedi62@example.com,+91 7922457804,AI/ML & Data Science,RWAM1 - Amreli,2026-02-24,Gujarat University,M.Sc IT
GR1355,Krishna Desai,krishna.desai83@example.com,+91 6912228570,Full Stack Development,RW1 - A.K Road,2026-02-27,MSU Baroda,M.Sc IT
GR1356,Ishaan Sharma,ishaan.sharma31@example.com,+91 7632753561,AI/ML & Data Science,RW7 - Vesu,2026-02-14,Marwadi University,B.Tech Computer Science
GR1357,Amit Verma,amit.verma58@example.com,+91 8430006373,AI/ML & Data Science,RWA2 - Navrangpura,2026-02-10,Nirma University,B.Com
GR1358,Riya Vyas,riya.vyas99@example.com,+91 7277964819,Video Editing | 3D Animation,RWA4 - Bopal,2026-02-04,MSU Baroda,B.Tech Computer Science
GR1359,Ramesh Trivedi,ramesh.trivedi64@example.com,+91 6209860844,Graphic | UI/UX,RW4 - Mota Varachha,2026-02-13,MSU Baroda,BCA
GR1360,Kavya Trivedi,kavya.trivedi39@example.com,+91 9432780418,Graphic | Video Editing,RWR1 - Kotecha,2026-02-26,Marwadi University,B.Com
GR1361,Ishaan Parmar,ishaan.parmar80@example.com,+91 7446455295,AI/ML & Data Science,RWVN1 - Vidhyanagar,2026-02-20,Gujarat University,MCA
GR1362,Kriti Parmar,kriti.parmar30@example.com,+91 9548894838,Video Editing | 3D Animation,RW2 - Yogi Chowk,2026-02-25,L.D. College of Engineering,MCA
GR1363,Isha Parmar,isha.parmar74@example.com,+91 8578897636,Video Editing | 3D Animation,RWBH1 - Bharuch,2026-02-17,MSU Baroda,M.Sc IT
GR1364,Vikram Vyas,vikram.vyas31@example.com,+91 6754988865,AI/ML & Data Science,RWMH - Maheshana,2026-02-15,DDU,MCA
GR1365,Vihaan Mehta,vihaan.mehta52@example.com,+91 7750051598,Video Editing | 3D Animation,RW1 - A.K Road,2026-02-16,Nirma University,B.Com
GR1366,Rahul Kumar,rahul.kumar91@example.com,+91 6711348035,Graphic | UI/UX,RWR2 - Mavdi,2026-02-07,SVNIT,M.Sc IT
GR1367,Arjun Parmar,arjun.parmar40@example.com,+91 7112027641,Full Stack Development,RWA6 - Vastral,2026-02-11,VNSGU,MCA
GR1368,Ishaan Shah,ishaan.shah69@example.com,+91 6067838233,Video Editing | 3D Animation,RW6 - Adajan,2026-02-09,Gujarat University,B.Tech Computer Science
GR1369,Maya Parmar,maya.parmar84@example.com,+91 9039029531,Graphic | UI/UX,RWA5 - Chandkheda,2026-02-05,Gujarat University,B.Com
GR1370,Tara Parmar,tara.parmar22@example.com,+91 7415724162,Graphic | Video Editing,RWSON - Online,2026-02-03,VNSGU,MCA
GR1371,Amit Vyas,amit.vyas19@example.com,+91 8372734181,Full Stack Development,RWA2 - Navrangpura,2026-02-07,Marwadi University,B.Com
GR1372,Ishaan Sharma,ishaan.sharma39@example.com,+91 8088257253,Graphic | UI/UX,RW5 - Ved Road,2026-02-07,RK University,BCA
GR1373,Isha Vyas,isha.vyas68@example.com,+91 8171968850,AI/ML & Data Science,RWA3 - Maninagar,2026-02-11,RK University,BCA
GR1374,Diya Joshi,diya.joshi41@example.com,+91 6678398562,AI/ML & Data Science,RWA2 - Navrangpura,2026-02-08,RK University,M.Sc IT
GR1375,Neha Shah,neha.shah44@example.com,+91 8044692983,Graphic | Video Editing,RWA4 - Bopal,2026-02-19,SVNIT,MCA
GR1376,Kavya Parmar,kavya.parmar37@example.com,+91 8735928175,Graphic | Video Editing,RWA6 - Vastral,2026-02-05,DDU,B.Sc IT
GR1377,Krishna Joshi,krishna.joshi24@example.com,+91 9182928804,AI/ML & Data Science,RWJN1 - Junagadh,2026-02-03,SVNIT,B.Sc IT
GR1378,Sai Parmar,sai.parmar36@example.com,+91 7054494655,Graphic | Video Editing,RW8 - Dindoli,2026-02-15,MSU Baroda,BCA
GR1379,Kriti Kumar,kriti.kumar15@example.com,+91 9656918662,Full Stack Development,RWA6 - Vastral,2026-02-23,RK University,B.Com
GR1380,Shaurya Joshi,shaurya.joshi82@example.com,+91 8216731619,Video Editing | 3D Animation,RWR2 - Mavdi,2026-02-27,VNSGU,Diploma in IT
GR1381,Kriti Mehta,kriti.mehta27@example.com,+91 9629315975,Video Editing | 3D Animation,RW1 - A.K Road,2026-02-09,Marwadi University,BCA
GR1382,Pooja Chauhan,pooja.chauhan87@example.com,+91 8256927854,Graphic | Video Editing,RWVN1 - Vidhyanagar,2026-02-20,Marwadi University,B.Tech Computer Science
GR1383,Maya Parmar,maya.parmar26@example.com,+91 6019350679,Video Editing | 3D Animation,RWVN1 - Vidhyanagar,2026-02-10,L.D. College of Engineering,Diploma in IT
GR1384,Tara Desai,tara.desai16@example.com,+91 8737451312,AI/ML & Data Science,RWA3 - Maninagar,2026-02-12,Silver Oak University,BCA
GR1385,Neha Trivedi,neha.trivedi82@example.com,+91 7005609110,Graphic | Video Editing,RWR1 - Kotecha,2026-02-19,VNSGU,B.Sc IT
GR1386,Tara Sharma,tara.sharma88@example.com,+91 8225186368,Graphic | UI/UX,RW2 - Yogi Chowk,2026-02-10,Marwadi University,MCA
GR1387,Ramesh Sharma,ramesh.sharma32@example.com,+91 9543161024,Graphic | Video Editing,RWA4 - Bopal,2026-02-09,RK University,Diploma in IT
GR1388,Diya Kumar,diya.kumar18@example.com,+91 9179343957,Full Stack Development,RWA5 - Chandkheda,2026-02-28,SVNIT,B.Tech Computer Science
GR1389,Amit Kumar,amit.kumar33@example.com,+91 6711520397,Graphic | UI/UX,RW8 - Dindoli,2026-02-25,MSU Baroda,B.Sc IT
GR1390,Aditya Rathod,aditya.rathod70@example.com,+91 7700146971,Graphic | UI/UX,RWA4 - Bopal,2026-02-20,DDU,BBA
GR1391,Vihaan Mehta,vihaan.mehta69@example.com,+91 7501871327,Full Stack Development,RWA4 - Bopal,2026-02-07,Nirma University,BBA
GR1392,Sai Mehta,sai.mehta82@example.com,+91 7364843728,Full Stack Development,RWA3 - Maninagar,2026-02-04,VNSGU,BCA
GR1393,Neha Rathod,neha.rathod37@example.com,+91 6732414079,Full Stack Development,RWA5 - Chandkheda,2026-02-06,Marwadi University,B.Com
GR1394,Krishna Parmar,krishna.parmar90@example.com,+91 8579335707,Full Stack Development,RW4 - Mota Varachha,2026-02-11,RK University,B.Com
GR1395,Isha Verma,isha.verma39@example.com,+91 7456780630,Graphic | Video Editing,RWA1 - Nikol,2026-02-24,Marwadi University,BBA
GR1396,Aditya Patel,aditya.patel92@example.com,+91 9966889097,AI/ML & Data Science,RWBH1 - Bharuch,2026-02-12,Gujarat University,Diploma in IT
GR1397,Maya Trivedi,maya.trivedi43@example.com,+91 8559124197,AI/ML & Data Science,RWR1 - Kotecha,2026-02-05,DDU,B.Tech Computer Science
GR1398,Rahul Verma,rahul.verma87@example.com,+91 7256940574,AI/ML & Data Science,RWA6 - Vastral,2026-02-11,DDU,B.Tech Computer Science
GR1399,Maya Trivedi,maya.trivedi98@example.com,+91 8999687310,Video Editing | 3D Animation,RWA2 - Navrangpura,2026-02-14,Marwadi University,B.Com
GR1400,Tara Patel,tara.patel76@example.com,+91 9812904654,AI/ML & Data Science,RWMH - Maheshana,2026-02-16,Gujarat University,M.Sc IT
GR1401,Amit Mehta,amit.mehta19@example.com,+91 7045026563,AI/ML & Data Science,RWBH1 - Bharuch,2026-02-20,Silver Oak University,B.Com
GR1402,Kavya Mehta,kavya.mehta66@example.com,+91 6851850727,Full Stack Development,RW4 - Mota Varachha,2026-02-07,Silver Oak University,B.Sc IT
GR1403,Tara Desai,tara.desai36@example.com,+91 9254200479,AI/ML & Data Science,RW2 - Yogi Chowk,2026-02-16,L.D. College of Engineering,B.Tech Computer Science
GR1404,Diya Sharma,diya.sharma66@example.com,+91 6438933796,Video Editing | 3D Animation,RW6 - Adajan,2026-02-12,DDU,B.Tech Computer Science
GR1405,Aditya Sharma,aditya.sharma15@example.com,+91 8162966074,Graphic | Video Editing,RWR2 - Mavdi,2026-02-01,Silver Oak University,B.Com
GR1406,Ayaan Sharma,ayaan.sharma34@example.com,+91 6736081383,AI/ML & Data Science,RWA2 - Navrangpura,2026-02-11,VNSGU,BBA
GR1407,Shaurya Vyas,shaurya.vyas24@example.com,+91 6278595585,Full Stack Development,RWBH1 - Bharuch,2026-02-23,VNSGU,MCA
GR1408,Arjun Shah,arjun.shah64@example.com,+91 7590007710,Video Editing | 3D Animation,RWGN1 - Gandhinagar,2026-02-27,L.D. College of Engineering,B.Sc IT
GR1409,Krishna Parmar,krishna.parmar30@example.com,+91 8643665550,AI/ML & Data Science,RWVN1 - Vidhyanagar,2026-02-14,L.D. College of Engineering,MCA
GR1410,Vivaan Kumar,vivaan.kumar47@example.com,+91 9884554032,Graphic | Video Editing,RWBN - Bhavnagar,2026-02-08,DDU,BBA
GR1411,Rahul Gupta,rahul.gupta90@example.com,+91 8204637046,Video Editing | 3D Animation,RWGN1 - Gandhinagar,2026-02-24,L.D. College of Engineering,B.Com
GR1412,Kriti Parmar,kriti.parmar34@example.com,+91 9155365322,Graphic | Video Editing,RWSON - Online,2026-02-17,Marwadi University,Diploma in IT
GR1413,Riya Sharma,riya.sharma87@example.com,+91 8545428242,AI/ML & Data Science,RWAM1 - Amreli,2026-02-10,L.D. College of Engineering,MCA
GR1414,Amit Sharma,amit.sharma53@example.com,+91 7827525580,Full Stack Development,RWSON - Online,2026-02-27,RK University,M.Sc IT
GR1415,Neha Trivedi,neha.trivedi42@example.com,+91 6273087821,Graphic | Video Editing,RWR1 - Kotecha,2026-02-01,RK University,BBA
GR1416,Aarav Kumar,aarav.kumar63@example.com,+91 8830934848,Graphic | Video Editing,RWAM1 - Amreli,2026-02-11,VNSGU,MCA
GR1417,Aditya Verma,aditya.verma62@example.com,+91 6728001613,Graphic | UI/UX,RWA4 - Bopal,2026-02-18,L.D. College of Engineering,B.Tech Computer Science
GR1418,Pooja Singh,pooja.singh78@example.com,+91 6741700211,AI/ML & Data Science,RWGN1 - Gandhinagar,2026-02-22,Nirma University,BCA
GR1419,Riya Kumar,riya.kumar22@example.com,+91 6321232902,Graphic | UI/UX,RWGN1 - Gandhinagar,2026-02-10,Gujarat University,BCA
GR1420,Arjun Gupta,arjun.gupta22@example.com,+91 8509559349,Graphic | Video Editing,RWGN1 - Gandhinagar,2026-02-05,MSU Baroda,MCA
GR1421,Aditya Verma,aditya.verma51@example.com,+91 9967795853,Full Stack Development,RWA2 - Navrangpura,2026-02-26,Marwadi University,BBA
GR1422,Tara Joshi,tara.joshi12@example.com,+91 8623425899,Graphic | Video Editing,RWSON - Online,2026-02-19,Gujarat University,B.Tech Computer Science
GR1423,Diya Chauhan,diya.chauhan44@example.com,+91 8837151851,Graphic | UI/UX,RW2 - Yogi Chowk,2026-02-12,Silver Oak University,B.Com
GR1424,Shaurya Vyas,shaurya.vyas78@example.com,+91 6339191137,Video Editing | 3D Animation,RWGN1 - Gandhinagar,2026-02-08,RK University,MCA
GR1425,Suresh Patel,suresh.patel35@example.com,+91 9306071270,Full Stack Development,RWGN1 - Gandhinagar,2026-02-25,SVNIT,Diploma in IT
GR1426,Krishna Mehta,krishna.mehta15@example.com,+91 8475809876,Graphic | UI/UX,RW4 - Mota Varachha,2026-02-21,Silver Oak University,M.Sc IT
GR1427,Suresh Singh,suresh.singh38@example.com,+91 9531842960,AI/ML & Data Science,RW7 - Vesu,2026-02-19,DDU,BCA
GR1428,Rahul Parmar,rahul.parmar86@example.com,+91 8179114793,Video Editing | 3D Animation,RWBN - Bhavnagar,2026-02-03,DDU,BBA
GR1429,Arjun Patel,arjun.patel25@example.com,+91 7499492779,AI/ML & Data Science,RWJN1 - Junagadh,2026-02-01,Nirma University,B.Sc IT
GR1430,Pooja Shah,pooja.shah79@example.com,+91 7829054275,Video Editing | 3D Animation,RWAM1 - Amreli,2026-02-25,Silver Oak University,B.Sc IT
GR1431,Pooja Chauhan,pooja.chauhan74@example.com,+91 6672336972,Graphic | UI/UX,RW5 - Ved Road,2026-02-03,Silver Oak University,MCA
GR1432,Amit Gupta,amit.gupta54@example.com,+91 9625101650,AI/ML & Data Science,RWA5 - Chandkheda,2026-02-22,Marwadi University,Diploma in IT
GR1433,Ramesh Sharma,ramesh.sharma67@example.com,+91 8099007376,Video Editing | 3D Animation,RWA1 - Nikol,2026-02-11,Silver Oak University,MCA
GR1434,Ishaan Mehta,ishaan.mehta34@example.com,+91 6028557945,Graphic | UI/UX,RWNV1 - Navshari,2026-02-24,RK University,BCA
GR1435,Vivaan Desai,vivaan.desai93@example.com,+91 8158395146,Graphic | UI/UX,RWBN - Bhavnagar,2026-02-03,L.D. College of Engineering,B.Sc IT
GR1436,Maya Mehta,maya.mehta62@example.com,+91 7834339048,AI/ML & Data Science,RWA5 - Chandkheda,2026-02-24,VNSGU,B.Sc IT
GR1437,Isha Trivedi,isha.trivedi28@example.com,+91 9506012803,AI/ML & Data Science,RW7 - Vesu,2026-02-23,Nirma University,M.Sc IT
GR1438,Ayaan Joshi,ayaan.joshi94@example.com,+91 9482850132,AI/ML & Data Science,RWVN1 - Vidhyanagar,2026-02-12,Silver Oak University,Diploma in IT
GR1439,Ramesh Gupta,ramesh.gupta33@example.com,+91 9047002612,Graphic | UI/UX,RWBH1 - Bharuch,2026-02-22,L.D. College of Engineering,BCA
GR1440,Tara Desai,tara.desai39@example.com,+91 7682291818,Graphic | Video Editing,RW4 - Mota Varachha,2026-02-06,Marwadi University,B.Com
GR1441,Vihaan Shah,vihaan.shah40@example.com,+91 6725819174,Graphic | UI/UX,RWSON - Online,2026-02-05,VNSGU,BCA
GR1442,Tara Shah,tara.shah86@example.com,+91 9952228050,Full Stack Development,RWR2 - Mavdi,2026-02-13,VNSGU,Diploma in IT
GR1443,Diya Trivedi,diya.trivedi84@example.com,+91 8838034663,Graphic | Video Editing,RW2 - Yogi Chowk,2026-02-28,Nirma University,BCA
GR1444,Kriti Singh,kriti.singh28@example.com,+91 7102575591,Full Stack Development,RWA4 - Bopal,2026-02-01,Silver Oak University,B.Sc IT
GR1445,Riya Gupta,riya.gupta30@example.com,+91 9569885634,Video Editing | 3D Animation,RW2 - Yogi Chowk,2026-02-02,VNSGU,M.Sc IT
GR1446,Riya Verma,riya.verma12@example.com,+91 9303521129,Video Editing | 3D Animation,RWNV1 - Navshari,2026-02-10,DDU,B.Tech Computer Science
GR1447,Ramesh Verma,ramesh.verma62@example.com,+91 7329343956,Full Stack Development,RWR1 - Kotecha,2026-02-02,Silver Oak University,BBA
GR1448,Neha Singh,neha.singh58@example.com,+91 8139026544,Graphic | Video Editing,RWVN1 - Vidhyanagar,2026-02-16,RK University,B.Com
GR1449,Vihaan Kumar,vihaan.kumar73@example.com,+91 7078877548,AI/ML & Data Science,RW6 - Adajan,2026-02-02,Gujarat University,B.Tech Computer Science
GR1450,Isha Verma,isha.verma91@example.com,+91 9594675823,AI/ML & Data Science,RWAM1 - Amreli,2026-02-17,VNSGU,B.Sc IT
GR1451,Tara Singh,tara.singh70@example.com,+91 9643278186,Graphic | UI/UX,RWA5 - Chandkheda,2026-02-24,RK University,B.Tech Computer Science
GR1452,Vikram Mehta,vikram.mehta79@example.com,+91 8532711451,Graphic | Video Editing,RWJN1 - Junagadh,2026-02-20,Gujarat University,B.Sc IT
GR1453,Aditya Parmar,aditya.parmar23@example.com,+91 6742654594,AI/ML & Data Science,RWA3 - Maninagar,2026-02-05,MSU Baroda,M.Sc IT
GR1454,Ishaan Joshi,ishaan.joshi20@example.com,+91 7780354115,Video Editing | 3D Animation,RWR1 - Kotecha,2026-02-01,RK University,M.Sc IT
GR1455,Vihaan Kumar,vihaan.kumar25@example.com,+91 8501664589,Graphic | Video Editing,RWBH1 - Bharuch,2026-02-23,MSU Baroda,B.Sc IT
GR1456,Krishna Shah,krishna.shah69@example.com,+91 7091241654,Video Editing | 3D Animation,RW2 - Yogi Chowk,2026-02-18,Marwadi University,Diploma in IT
GR1457,Arjun Singh,arjun.singh90@example.com,+91 6897451513,Video Editing | 3D Animation,RWJN1 - Junagadh,2026-02-08,DDU,B.Tech Computer Science
GR1458,Aarav Shah,aarav.shah10@example.com,+91 7220818806,Full Stack Development,RWA6 - Vastral,2026-02-15,DDU,Diploma in IT
GR1459,Riya Joshi,riya.joshi31@example.com,+91 8277580562,Full Stack Development,RWNV1 - Navshari,2026-02-01,VNSGU,B.Com
GR1460,Shaurya Desai,shaurya.desai52@example.com,+91 9712043680,Video Editing | 3D Animation,RWA3 - Maninagar,2026-02-09,Silver Oak University,BCA
GR1461,Kriti Chauhan,kriti.chauhan74@example.com,+91 8396854759,Graphic | UI/UX,RWA1 - Nikol,2026-02-23,Nirma University,B.Com
GR1462,Arjun Patel,arjun.patel79@example.com,+91 8768013548,Graphic | UI/UX,RWSON - Online,2026-02-01,Silver Oak University,M.Sc IT
GR1463,Arjun Patel,arjun.patel21@example.com,+91 8917171772,Graphic | UI/UX,RW5 - Ved Road,2026-02-09,Silver Oak University,BCA
GR1464,Krishna Joshi,krishna.joshi17@example.com,+91 9719707307,Graphic | UI/UX,RWR2 - Mavdi,2026-02-27,Gujarat University,M.Sc IT
GR1465,Shaurya Sharma,shaurya.sharma78@example.com,+91 7444470121,Graphic | UI/UX,RW5 - Ved Road,2026-02-14,SVNIT,M.Sc IT
GR1466,Kriti Desai,kriti.desai49@example.com,+91 9796029216,AI/ML & Data Science,RW7 - Vesu,2026-02-14,SVNIT,B.Sc IT
GR1467,Ishaan Patel,ishaan.patel23@example.com,+91 8879440509,Video Editing | 3D Animation,RW7 - Vesu,2026-02-15,L.D. College of Engineering,B.Tech Computer Science
GR1468,Vikram Rathod,vikram.rathod43@example.com,+91 8395899623,Full Stack Development,RWSON - Online,2026-02-18,SVNIT,B.Sc IT
GR1469,Sai Joshi,sai.joshi41@example.com,+91 8198822889,Graphic | Video Editing,RW5 - Ved Road,2026-02-25,Marwadi University,Diploma in IT
GR1470,Diya Joshi,diya.joshi52@example.com,+91 9170856727,Graphic | UI/UX,RWR1 - Kotecha,2026-02-20,VNSGU,B.Sc IT
GR1471,Amit Sharma,amit.sharma63@example.com,+91 9611382923,Graphic | Video Editing,RWA2 - Navrangpura,2026-02-18,VNSGU,BBA
GR1472,Amit Verma,amit.verma16@example.com,+91 6237930618,Full Stack Development,RWNV1 - Navshari,2026-02-09,MSU Baroda,M.Sc IT
GR1473,Ishaan Kumar,ishaan.kumar39@example.com,+91 9173338269,Graphic | UI/UX,RW8 - Dindoli,2026-02-17,SVNIT,Diploma in IT
GR1474,Arjun Sharma,arjun.sharma87@example.com,+91 6168762987,Full Stack Development,RWR1 - Kotecha,2026-02-26,RK University,B.Com
GR1475,Isha Sharma,isha.sharma53@example.com,+91 8532189649,AI/ML & Data Science,RWBH1 - Bharuch,2026-02-09,SVNIT,B.Com
GR1476,Sneha Desai,sneha.desai48@example.com,+91 7230003959,Graphic | Video Editing,RW8 - Dindoli,2026-02-04,L.D. College of Engineering,MCA
GR1477,Amit Verma,amit.verma21@example.com,+91 7828605646,Full Stack Development,RWA3 - Maninagar,2026-02-02,DDU,B.Com
GR1478,Krishna Verma,krishna.verma27@example.com,+91 8557170389,AI/ML & Data Science,RWJN1 - Junagadh,2026-02-04,MSU Baroda,MCA
GR1479,Arjun Kumar,arjun.kumar95@example.com,+91 9218605817,AI/ML & Data Science,RWA4 - Bopal,2026-02-13,Silver Oak University,B.Sc IT
GR1480,Kavya Patel,kavya.patel52@example.com,+91 8751542222,AI/ML & Data Science,RWNV1 - Navshari,2026-02-04,MSU Baroda,MCA
GR1481,Sneha Verma,sneha.verma80@example.com,+91 8669746209,AI/ML & Data Science,RWR1 - Kotecha,2026-02-06,Marwadi University,B.Com
GR1482,Rahul Singh,rahul.singh76@example.com,+91 6783833305,Video Editing | 3D Animation,RWJN1 - Junagadh,2026-02-14,Marwadi University,BCA
GR1483,Tara Parmar,tara.parmar38@example.com,+91 9735102885,AI/ML & Data Science,RWA1 - Nikol,2026-02-15,SVNIT,M.Sc IT
GR1484,Tara Shah,tara.shah44@example.com,+91 6942695699,Graphic | UI/UX,RWR1 - Kotecha,2026-02-16,L.D. College of Engineering,B.Sc IT
GR1485,Aarav Shah,aarav.shah57@example.com,+91 8296089305,Graphic | UI/UX,RWMH - Maheshana,2026-02-23,Gujarat University,BBA
GR1486,Rahul Patel,rahul.patel91@example.com,+91 6483054963,AI/ML & Data Science,RWAM1 - Amreli,2026-02-03,Nirma University,B.Tech Computer Science
GR1487,Ayaan Joshi,ayaan.joshi47@example.com,+91 6570146328,Graphic | UI/UX,RWNV1 - Navshari,2026-02-22,L.D. College of Engineering,MCA
GR1488,Neha Parmar,neha.parmar80@example.com,+91 8545442617,Full Stack Development,RWA2 - Navrangpura,2026-02-16,SVNIT,B.Com
GR1489,Isha Singh,isha.singh40@example.com,+91 9081525888,Graphic | UI/UX,RW2 - Yogi Chowk,2026-02-28,L.D. College of Engineering,B.Sc IT
GR1490,Aarav Verma,aarav.verma20@example.com,+91 7417560374,Full Stack Development,RWNV1 - Navshari,2026-02-25,MSU Baroda,M.Sc IT
GR1491,Ramesh Sharma,ramesh.sharma60@example.com,+91 9716303774,Graphic | Video Editing,RWBN - Bhavnagar,2026-02-14,DDU,M.Sc IT
GR1492,Riya Shah,riya.shah56@example.com,+91 9605430584,AI/ML & Data Science,RWA3 - Maninagar,2026-02-20,Marwadi University,BCA
GR1493,Vihaan Mehta,vihaan.mehta90@example.com,+91 7509808766,Graphic | Video Editing,RWR2 - Mavdi,2026-02-21,MSU Baroda,B.Com
GR1494,Vivaan Sharma,vivaan.sharma40@example.com,+91 8761292800,Graphic | UI/UX,RW2 - Yogi Chowk,2026-02-01,Marwadi University,B.Com
GR1495,Vihaan Parmar,vihaan.parmar55@example.com,+91 8077814616,Graphic | Video Editing,RWNV1 - Navshari,2026-02-03,MSU Baroda,B.Com
GR1496,Aditya Mehta,aditya.mehta67@example.com,+91 6204798856,Graphic | UI/UX,RW1 - A.K Road,2026-02-19,VNSGU,MCA
GR1497,Diya Vyas,diya.vyas64@example.com,+91 7874156148,Full Stack Development,RWNV1 - Navshari,2026-02-28,Gujarat University,BBA
GR1498,Vikram Verma,vikram.verma46@example.com,+91 7879401408,Video Editing | 3D Animation,RWR2 - Mavdi,2026-02-05,Silver Oak University,MCA
GR1499,Ramesh Kumar,ramesh.kumar16@example.com,+91 6050018516,AI/ML & Data Science,RWJN1 - Junagadh,2026-02-21,Silver Oak University,M.Sc IT
GR1500,Ayaan Shah,ayaan.shah26@example.com,+91 7288311818,Graphic | UI/UX,RWMH - Maheshana,2026-02-02,L.D. College of Engineering,B.Sc IT
GR1501,Aarav Mehta,aarav.mehta19@example.com,+91 9776314300,Video Editing | 3D Animation,RWR2 - Mavdi,2026-02-21,SVNIT,Diploma in IT
GR1502,Aarav Joshi,aarav.joshi20@example.com,+91 6871717515,Graphic | Video Editing,RWVN1 - Vidhyanagar,2026-02-26,DDU,M.Sc IT
GR1503,Shaurya Chauhan,shaurya.chauhan54@example.com,+91 9846096174,Full Stack Development,RWA3 - Maninagar,2026-02-09,Silver Oak University,BBA
GR1504,Kavya Chauhan,kavya.chauhan92@example.com,+91 6335151793,Video Editing | 3D Animation,RWA2 - Navrangpura,2026-02-22,SVNIT,M.Sc IT
GR1505,Kriti Kumar,kriti.kumar25@example.com,+91 9963610903,Graphic | Video Editing,RW7 - Vesu,2026-02-04,SVNIT,MCA
GR1506,Krishna Rathod,krishna.rathod29@example.com,+91 6136438703,AI/ML & Data Science,RW6 - Adajan,2026-02-05,DDU,BCA
GR1507,Ayaan Vyas,ayaan.vyas60@example.com,+91 8104141842,Video Editing | 3D Animation,RWNV1 - Navshari,2026-02-20,DDU,Diploma in IT
GR1508,Isha Verma,isha.verma25@example.com,+91 6693838382,Graphic | UI/UX,RWA5 - Chandkheda,2026-02-23,Marwadi University,MCA
GR1509,Shaurya Verma,shaurya.verma28@example.com,+91 7424318901,Graphic | Video Editing,RWBH1 - Bharuch,2026-02-25,Silver Oak University,Diploma in IT
GR1510,Sai Chauhan,sai.chauhan64@example.com,+91 8386986289,Graphic | Video Editing,RW1 - A.K Road,2026-02-24,DDU,BCA
GR1511,Ayaan Parmar,ayaan.parmar35@example.com,+91 9906649972,Graphic | UI/UX,RWNV1 - Navshari,2026-02-02,VNSGU,B.Tech Computer Science
GR1512,Aditya Gupta,aditya.gupta63@example.com,+91 7813523451,Video Editing | 3D Animation,RWA2 - Navrangpura,2026-02-01,RK University,MCA
GR1513,Arjun Kumar,arjun.kumar33@example.com,+91 6676893727,Full Stack Development,RWR2 - Mavdi,2026-02-13,Silver Oak University,MCA
GR1514,Kavya Joshi,kavya.joshi55@example.com,+91 8737990717,Graphic | Video Editing,RWA6 - Vastral,2026-02-26,Marwadi University,B.Com
GR1515,Kavya Patel,kavya.patel43@example.com,+91 7514009067,Video Editing | 3D Animation,RWBN - Bhavnagar,2026-02-22,MSU Baroda,B.Com
GR1516,Tara Desai,tara.desai74@example.com,+91 8442421567,Graphic | Video Editing,RWBH1 - Bharuch,2026-02-04,SVNIT,B.Sc IT
GR1517,Vihaan Singh,vihaan.singh95@example.com,+91 7095686670,Full Stack Development,RWBN - Bhavnagar,2026-02-06,Marwadi University,MCA
GR1518,Sneha Shah,sneha.shah34@example.com,+91 8353065400,Graphic | Video Editing,RWR1 - Kotecha,2026-02-07,L.D. College of Engineering,B.Com
GR1519,Tara Vyas,tara.vyas36@example.com,+91 7861680370,Graphic | Video Editing,RW4 - Mota Varachha,2026-02-12,DDU,B.Com
GR1520,Arjun Parmar,arjun.parmar71@example.com,+91 8826071555,Full Stack Development,RW8 - Dindoli,2026-02-23,L.D. College of Engineering,B.Sc IT
GR1521,Sai Vyas,sai.vyas22@example.com,+91 6634902791,Full Stack Development,RWGN1 - Gandhinagar,2026-02-19,Marwadi University,BCA
GR1522,Vivaan Singh,vivaan.singh64@example.com,+91 6001702121,Graphic | UI/UX,RWR1 - Kotecha,2026-02-13,SVNIT,M.Sc IT
GR1523,Ramesh Vyas,ramesh.vyas42@example.com,+91 9502748075,Graphic | Video Editing,RWA6 - Vastral,2026-02-11,SVNIT,Diploma in IT
GR1524,Vihaan Kumar,vihaan.kumar10@example.com,+91 6843617331,Graphic | UI/UX,RWGN1 - Gandhinagar,2026-02-11,Gujarat University,BCA
GR1525,Ishaan Desai,ishaan.desai31@example.com,+91 6529103002,Full Stack Development,RW4 - Mota Varachha,2026-02-01,Nirma University,Diploma in IT
GR1526,Arjun Parmar,arjun.parmar97@example.com,+91 9393368008,Full Stack Development,RWA4 - Bopal,2026-02-19,Silver Oak University,M.Sc IT
GR1527,Ishaan Chauhan,ishaan.chauhan23@example.com,+91 9893724421,Video Editing | 3D Animation,RWJN1 - Junagadh,2026-02-17,Silver Oak University,B.Com
GR1528,Diya Sharma,diya.sharma11@example.com,+91 6864158405,Full Stack Development,RWR1 - Kotecha,2026-02-08,DDU,MCA
GR1529,Kriti Shah,kriti.shah64@example.com,+91 8300178387,Video Editing | 3D Animation,RW6 - Adajan,2026-02-03,MSU Baroda,M.Sc IT
GR1530,Aarav Verma,aarav.verma45@example.com,+91 9954161130,Graphic | Video Editing,RW2 - Yogi Chowk,2026-02-05,Marwadi University,B.Tech Computer Science
GR1531,Arjun Joshi,arjun.joshi66@example.com,+91 9005028359,Graphic | UI/UX,RWA1 - Nikol,2026-02-09,Silver Oak University,BBA
GR1532,Aarav Rathod,aarav.rathod19@example.com,+91 7158941566,Graphic | UI/UX,RWA2 - Navrangpura,2026-02-26,L.D. College of Engineering,BCA
GR1533,Tara Verma,tara.verma51@example.com,+91 7822805404,AI/ML & Data Science,RWJN1 - Junagadh,2026-02-10,MSU Baroda,B.Tech Computer Science
GR1534,Rahul Rathod,rahul.rathod15@example.com,+91 7773212055,Graphic | Video Editing,RWA4 - Bopal,2026-02-14,L.D. College of Engineering,BBA
GR1535,Rahul Singh,rahul.singh35@example.com,+91 9928251534,Video Editing | 3D Animation,RW2 - Yogi Chowk,2026-02-10,Silver Oak University,BCA
GR1536,Ayaan Trivedi,ayaan.trivedi51@example.com,+91 8222059825,Graphic | UI/UX,RWR1 - Kotecha,2026-02-23,DDU,B.Tech Computer Science
GR1537,Vivaan Sharma,vivaan.sharma97@example.com,+91 8697176869,Full Stack Development,RWBN - Bhavnagar,2026-02-08,Silver Oak University,BCA
GR1538,Ayaan Parmar,ayaan.parmar73@example.com,+91 8000295844,Graphic | UI/UX,RWBH1 - Bharuch,2026-02-07,Nirma University,B.Com
GR1539,Pooja Singh,pooja.singh80@example.com,+91 6068078262,Graphic | Video Editing,RW1 - A.K Road,2026-02-15,Silver Oak University,B.Com
GR1540,Diya Mehta,diya.mehta99@example.com,+91 9753005500,AI/ML & Data Science,RWBH1 - Bharuch,2026-02-11,Silver Oak University,MCA
GR1541,Riya Gupta,riya.gupta65@example.com,+91 8520105862,Graphic | Video Editing,RWR2 - Mavdi,2026-02-07,MSU Baroda,BCA
GR1542,Vivaan Parmar,vivaan.parmar40@example.com,+91 7511173595,Graphic | UI/UX,RWA1 - Nikol,2026-02-26,SVNIT,B.Com
GR1543,Arjun Joshi,arjun.joshi22@example.com,+91 7360781001,Video Editing | 3D Animation,RWGN1 - Gandhinagar,2026-02-17,VNSGU,M.Sc IT
GR1544,Shaurya Desai,shaurya.desai46@example.com,+91 6566242727,Full Stack Development,RWA6 - Vastral,2026-02-19,VNSGU,B.Tech Computer Science
GR1545,Aditya Sharma,aditya.sharma59@example.com,+91 6888039853,Graphic | UI/UX,RWA4 - Bopal,2026-02-02,Silver Oak University,Diploma in IT
GR1546,Ayaan Singh,ayaan.singh76@example.com,+91 7463185335,AI/ML & Data Science,RW8 - Dindoli,2026-02-02,MSU Baroda,B.Tech Computer Science
GR1547,Ishaan Gupta,ishaan.gupta44@example.com,+91 8241717497,Full Stack Development,RWGN1 - Gandhinagar,2026-02-15,Gujarat University,MCA
GR1548,Neha Parmar,neha.parmar31@example.com,+91 8751164646,Full Stack Development,RWA2 - Navrangpura,2026-02-25,Silver Oak University,BBA
GR1549,Isha Chauhan,isha.chauhan25@example.com,+91 9793432338,Video Editing | 3D Animation,RWR1 - Kotecha,2026-02-23,Gujarat University,B.Com
GR1550,Aarav Trivedi,aarav.trivedi62@example.com,+91 9087258139,Full Stack Development,RWGN1 - Gandhinagar,2026-02-25,VNSGU,BCA
GR1551,Krishna Trivedi,krishna.trivedi22@example.com,+91 8478348849,Graphic | Video Editing,RWR2 - Mavdi,2026-02-18,Nirma University,MCA
GR1552,Vikram Kumar,vikram.kumar15@example.com,+91 7181397717,Graphic | Video Editing,RWA4 - Bopal,2026-02-14,Gujarat University,Diploma in IT
GR1553,Riya Joshi,riya.joshi59@example.com,+91 7810814348,Full Stack Development,RW1 - A.K Road,2026-02-23,L.D. College of Engineering,B.Tech Computer Science
GR1554,Vihaan Rathod,vihaan.rathod35@example.com,+91 6872967268,AI/ML & Data Science,RWR1 - Kotecha,2026-02-02,VNSGU,B.Sc IT
GR1555,Tara Verma,tara.verma28@example.com,+91 6216393062,Full Stack Development,RWR1 - Kotecha,2026-02-11,L.D. College of Engineering,MCA
GR1556,Tara Vyas,tara.vyas79@example.com,+91 8692231172,Graphic | UI/UX,RWA4 - Bopal,2026-02-17,SVNIT,BBA
GR1557,Diya Desai,diya.desai10@example.com,+91 7780264772,AI/ML & Data Science,RW8 - Dindoli,2026-02-17,L.D. College of Engineering,MCA
GR1558,Sai Parmar,sai.parmar58@example.com,+91 7560371911,Graphic | UI/UX,RWVN1 - Vidhyanagar,2026-02-20,L.D. College of Engineering,Diploma in IT
GR1559,Krishna Kumar,krishna.kumar91@example.com,+91 7234894800,Video Editing | 3D Animation,RWA4 - Bopal,2026-02-20,Silver Oak University,B.Tech Computer Science
GR1560,Vikram Mehta,vikram.mehta14@example.com,+91 7116546983,AI/ML & Data Science,RW5 - Ved Road,2026-02-08,VNSGU,B.Sc IT
GR1561,Vihaan Kumar,vihaan.kumar52@example.com,+91 9300036728,Graphic | UI/UX,RWSON - Online,2026-02-22,MSU Baroda,BBA
GR1562,Vivaan Desai,vivaan.desai57@example.com,+91 8014031482,Graphic | Video Editing,RW5 - Ved Road,2026-02-27,Silver Oak University,B.Sc IT
GR1563,Kavya Parmar,kavya.parmar47@example.com,+91 6512102772,Graphic | Video Editing,RWA5 - Chandkheda,2026-02-07,Silver Oak University,B.Com
GR1564,Diya Trivedi,diya.trivedi16@example.com,+91 6957605252,Video Editing | 3D Animation,RWR2 - Mavdi,2026-02-01,Marwadi University,Diploma in IT
GR1565,Pooja Patel,pooja.patel26@example.com,+91 6858069392,Video Editing | 3D Animation,RW7 - Vesu,2026-02-21,L.D. College of Engineering,B.Sc IT
GR1566,Pooja Mehta,pooja.mehta49@example.com,+91 9408936339,Video Editing | 3D Animation,RWA3 - Maninagar,2026-02-20,Silver Oak University,BCA
GR1567,Aarav Desai,aarav.desai91@example.com,+91 6496607816,AI/ML & Data Science,RW1 - A.K Road,2026-02-14,Nirma University,BBA
GR1568,Maya Sharma,maya.sharma77@example.com,+91 6189633895,Graphic | Video Editing,RWJN1 - Junagadh,2026-02-19,DDU,BCA
GR1569,Aarav Shah,aarav.shah49@example.com,+91 9164998044,Video Editing | 3D Animation,RW1 - A.K Road,2026-02-18,Gujarat University,B.Sc IT
GR1570,Suresh Trivedi,suresh.trivedi44@example.com,+91 9194507262,Graphic | Video Editing,RWA6 - Vastral,2026-02-01,Marwadi University,M.Sc IT
GR1571,Suresh Patel,suresh.patel16@example.com,+91 8228647821,Graphic | Video Editing,RW6 - Adajan,2026-02-24,Silver Oak University,Diploma in IT
GR1572,Kriti Patel,kriti.patel26@example.com,+91 7252647572,Graphic | Video Editing,RW8 - Dindoli,2026-02-17,MSU Baroda,M.Sc IT
GR1573,Ramesh Patel,ramesh.patel70@example.com,+91 9322844130,Full Stack Development,RWSON - Online,2026-02-24,DDU,MCA
GR1574,Kavya Patel,kavya.patel28@example.com,+91 9726115162,Graphic | UI/UX,RW7 - Vesu,2026-02-05,DDU,BCA
GR1575,Vikram Sharma,vikram.sharma28@example.com,+91 9094963447,Video Editing | 3D Animation,RWA3 - Maninagar,2026-02-23,MSU Baroda,B.Sc IT
GR1576,Suresh Chauhan,suresh.chauhan90@example.com,+91 7506116311,Video Editing | 3D Animation,RWVN1 - Vidhyanagar,2026-02-21,SVNIT,M.Sc IT
GR1577,Suresh Parmar,suresh.parmar13@example.com,+91 7480734914,Video Editing | 3D Animation,RWA1 - Nikol,2026-02-27,Nirma University,B.Tech Computer Science
GR1578,Isha Mehta,isha.mehta92@example.com,+91 8012305672,Graphic | UI/UX,RWA3 - Maninagar,2026-02-07,Gujarat University,BCA
GR1579,Pooja Desai,pooja.desai70@example.com,+91 8309071538,Video Editing | 3D Animation,RWA1 - Nikol,2026-02-19,L.D. College of Engineering,B.Sc IT
GR1580,Ayaan Verma,ayaan.verma46@example.com,+91 8489461179,Graphic | UI/UX,RWR2 - Mavdi,2026-02-13,SVNIT,BBA
GR1581,Ramesh Patel,ramesh.patel39@example.com,+91 9372753017,Graphic | Video Editing,RWAM1 - Amreli,2026-02-20,DDU,M.Sc IT
GR1582,Neha Rathod,neha.rathod33@example.com,+91 9051478040,Full Stack Development,RW6 - Adajan,2026-02-03,RK University,MCA
GR1583,Sai Chauhan,sai.chauhan80@example.com,+91 7022106180,AI/ML & Data Science,RW7 - Vesu,2026-02-12,Gujarat University,BBA
GR1584,Tara Sharma,tara.sharma27@example.com,+91 8670569205,Graphic | UI/UX,RWA5 - Chandkheda,2026-02-23,Gujarat University,B.Sc IT
GR1585,Ayaan Rathod,ayaan.rathod58@example.com,+91 7137952546,Full Stack Development,RWSON - Online,2026-02-28,DDU,M.Sc IT
GR1586,Suresh Kumar,suresh.kumar63@example.com,+91 7019013719,AI/ML & Data Science,RWNV1 - Navshari,2026-02-04,Silver Oak University,B.Com
GR1587,Neha Singh,neha.singh65@example.com,+91 8023427603,Full Stack Development,RWR1 - Kotecha,2026-02-21,Silver Oak University,MCA
GR1588,Amit Sharma,amit.sharma10@example.com,+91 8952228649,Full Stack Development,RWA6 - Vastral,2026-02-26,SVNIT,BBA
GR1589,Shaurya Parmar,shaurya.parmar81@example.com,+91 7187461710,Full Stack Development,RWR2 - Mavdi,2026-02-25,RK University,B.Tech Computer Science
GR1590,Pooja Kumar,pooja.kumar73@example.com,+91 6561554056,Graphic | UI/UX,RWA3 - Maninagar,2026-02-19,DDU,B.Sc IT
GR1591,Neha Trivedi,neha.trivedi66@example.com,+91 7079256780,AI/ML & Data Science,RWGN1 - Gandhinagar,2026-02-19,L.D. College of Engineering,BBA
GR1592,Ramesh Mehta,ramesh.mehta80@example.com,+91 6721828041,Video Editing | 3D Animation,RW5 - Ved Road,2026-02-09,Gujarat University,B.Com
GR1593,Amit Vyas,amit.vyas19@example.com,+91 7249267660,Video Editing | 3D Animation,RWMH - Maheshana,2026-02-20,MSU Baroda,B.Com
GR1594,Rahul Desai,rahul.desai63@example.com,+91 8616586835,Video Editing | 3D Animation,RW2 - Yogi Chowk,2026-02-18,RK University,M.Sc IT
GR1595,Neha Mehta,neha.mehta22@example.com,+91 6483580011,AI/ML & Data Science,RWVN1 - Vidhyanagar,2026-02-16,SVNIT,MCA
GR1596,Arjun Chauhan,arjun.chauhan78@example.com,+91 6498006294,AI/ML & Data Science,RWA5 - Chandkheda,2026-02-17,SVNIT,B.Sc IT
GR1597,Shaurya Chauhan,shaurya.chauhan97@example.com,+91 9650715432,Video Editing | 3D Animation,RWA1 - Nikol,2026-02-06,VNSGU,BBA
GR1598,Ishaan Sharma,ishaan.sharma99@example.com,+91 7868873071,AI/ML & Data Science,RWAM1 - Amreli,2026-02-17,DDU,MCA
GR1599,Amit Joshi,amit.joshi68@example.com,+91 6679431432,Full Stack Development,RWA3 - Maninagar,2026-02-18,SVNIT,MCA
GR1600,Pooja Vyas,pooja.vyas85@example.com,+91 7597849266,Video Editing | 3D Animation,RWA6 - Vastral,2026-02-26,L.D. College of Engineering,B.Com
GR1601,Sneha Patel,sneha.patel56@example.com,+91 8578240604,Graphic | Video Editing,RWA2 - Navrangpura,2026-02-07,DDU,BBA
GR1602,Krishna Trivedi,krishna.trivedi19@example.com,+91 8140866808,Graphic | Video Editing,RW5 - Ved Road,2026-02-02,Gujarat University,B.Com
GR1603,Suresh Shah,suresh.shah12@example.com,+91 8953335541,Video Editing | 3D Animation,RW4 - Mota Varachha,2026-02-09,VNSGU,BBA
GR1604,Ramesh Sharma,ramesh.sharma99@example.com,+91 9042940010,Full Stack Development,RW5 - Ved Road,2026-02-22,MSU Baroda,B.Tech Computer Science
GR1605,Amit Desai,amit.desai15@example.com,+91 6895759617,AI/ML & Data Science,RW5 - Ved Road,2026-02-11,RK University,Diploma in IT
GR1606,Rahul Parmar,rahul.parmar84@example.com,+91 6402642816,Video Editing | 3D Animation,RWA5 - Chandkheda,2026-02-08,VNSGU,Diploma in IT
GR1607,Sai Shah,sai.shah19@example.com,+91 9007817339,AI/ML & Data Science,RWAM1 - Amreli,2026-02-21,Nirma University,B.Sc IT
GR1608,Diya Kumar,diya.kumar76@example.com,+91 8830471470,Video Editing | 3D Animation,RWSON - Online,2026-02-13,Marwadi University,Diploma in IT
GR1609,Rahul Desai,rahul.desai46@example.com,+91 7009150416,Graphic | UI/UX,RWVN1 - Vidhyanagar,2026-02-15,MSU Baroda,BBA
GR1610,Ramesh Shah,ramesh.shah99@example.com,+91 8156713030,AI/ML & Data Science,RWR2 - Mavdi,2026-02-26,SVNIT,BCA
GR1611,Amit Gupta,amit.gupta28@example.com,+91 6213222640,Graphic | UI/UX,RWR1 - Kotecha,2026-02-25,Silver Oak University,M.Sc IT
GR1612,Pooja Rathod,pooja.rathod42@example.com,+91 9923860586,AI/ML & Data Science,RWGN1 - Gandhinagar,2026-02-18,Marwadi University,B.Sc IT
GR1613,Kriti Singh,kriti.singh45@example.com,+91 8098911049,AI/ML & Data Science,RWR1 - Kotecha,2026-02-28,DDU,B.Com
GR1614,Vivaan Parmar,vivaan.parmar67@example.com,+91 7785720096,Graphic | UI/UX,RWR1 - Kotecha,2026-02-09,MSU Baroda,B.Sc IT
GR1615,Arjun Shah,arjun.shah78@example.com,+91 9913267515,AI/ML & Data Science,RWSON - Online,2026-02-17,SVNIT,MCA
GR1616,Ayaan Shah,ayaan.shah77@example.com,+91 6064678299,AI/ML & Data Science,RWJN1 - Junagadh,2026-02-14,Marwadi University,B.Com
GR1617,Krishna Trivedi,krishna.trivedi92@example.com,+91 8543370097,AI/ML & Data Science,RWJN1 - Junagadh,2026-02-08,Gujarat University,BBA
GR1618,Maya Chauhan,maya.chauhan92@example.com,+91 6418670257,Graphic | Video Editing,RWA3 - Maninagar,2026-02-08,Marwadi University,B.Com
GR1619,Kavya Patel,kavya.patel98@example.com,+91 9635601109,AI/ML & Data Science,RWA6 - Vastral,2026-02-01,Gujarat University,BBA
GR1620,Vihaan Shah,vihaan.shah14@example.com,+91 9463130508,Graphic | UI/UX,RW1 - A.K Road,2026-02-27,RK University,B.Tech Computer Science
GR1621,Ramesh Rathod,ramesh.rathod23@example.com,+91 9399310625,AI/ML & Data Science,RW1 - A.K Road,2026-02-27,Nirma University,BCA
GR1622,Ishaan Gupta,ishaan.gupta54@example.com,+91 6044453494,Video Editing | 3D Animation,RWA3 - Maninagar,2026-02-01,VNSGU,B.Tech Computer Science
GR1623,Maya Singh,maya.singh59@example.com,+91 6107544443,Graphic | Video Editing,RW1 - A.K Road,2026-02-01,L.D. College of Engineering,B.Tech Computer Science
GR1624,Krishna Rathod,krishna.rathod39@example.com,+91 6067175654,Full Stack Development,RW2 - Yogi Chowk,2026-02-15,L.D. College of Engineering,B.Tech Computer Science
GR1625,Vivaan Vyas,vivaan.vyas31@example.com,+91 8677439453,AI/ML & Data Science,RWA3 - Maninagar,2026-02-12,L.D. College of Engineering,Diploma in IT
GR1626,Diya Parmar,diya.parmar11@example.com,+91 7848595852,Video Editing | 3D Animation,RWR2 - Mavdi,2026-02-10,Marwadi University,BBA
GR1627,Amit Singh,amit.singh46@example.com,+91 6053536858,Video Editing | 3D Animation,RWGN1 - Gandhinagar,2026-02-10,RK University,Diploma in IT
GR1628,Vihaan Singh,vihaan.singh33@example.com,+91 7683131899,Full Stack Development,RWA6 - Vastral,2026-02-08,Silver Oak University,M.Sc IT
GR1629,Vivaan Singh,vivaan.singh42@example.com,+91 7041065307,Graphic | Video Editing,RWJN1 - Junagadh,2026-02-05,Marwadi University,BCA
GR1630,Sai Parmar,sai.parmar35@example.com,+91 8649827982,Full Stack Development,RWA6 - Vastral,2026-02-26,VNSGU,M.Sc IT
GR1631,Tara Parmar,tara.parmar90@example.com,+91 6839578476,Graphic | Video Editing,RW4 - Mota Varachha,2026-02-03,Nirma University,M.Sc IT
GR1632,Riya Kumar,riya.kumar42@example.com,+91 8566740172,Full Stack Development,RWMH - Maheshana,2026-02-26,DDU,B.Sc IT
GR1633,Tara Kumar,tara.kumar11@example.com,+91 7920559756,AI/ML & Data Science,RWGN1 - Gandhinagar,2026-02-01,Marwadi University,M.Sc IT
GR1634,Aarav Joshi,aarav.joshi49@example.com,+91 7864875956,AI/ML & Data Science,RW8 - Dindoli,2026-02-22,RK University,B.Com
GR1635,Ishaan Singh,ishaan.singh87@example.com,+91 6365567362,Graphic | UI/UX,RW7 - Vesu,2026-02-19,Nirma University,MCA
GR1636,Aarav Rathod,aarav.rathod11@example.com,+91 8949834218,Graphic | UI/UX,RW1 - A.K Road,2026-02-12,SVNIT,M.Sc IT
GR1637,Ayaan Kumar,ayaan.kumar86@example.com,+91 8637984300,Graphic | UI/UX,RW5 - Ved Road,2026-02-19,RK University,B.Sc IT
GR1638,Arjun Desai,arjun.desai19@example.com,+91 6015319385,Video Editing | 3D Animation,RWSON - Online,2026-02-07,MSU Baroda,M.Sc IT
GR1639,Rahul Joshi,rahul.joshi19@example.com,+91 8457809032,Video Editing | 3D Animation,RWBH1 - Bharuch,2026-02-13,DDU,BCA
GR1640,Aarav Chauhan,aarav.chauhan15@example.com,+91 8819804356,AI/ML & Data Science,RW2 - Yogi Chowk,2026-02-03,Nirma University,B.Tech Computer Science
GR1641,Amit Chauhan,amit.chauhan10@example.com,+91 6249573203,Full Stack Development,RWR1 - Kotecha,2026-02-05,L.D. College of Engineering,B.Tech Computer Science
GR1642,Rahul Patel,rahul.patel56@example.com,+91 7321163288,Graphic | UI/UX,RW1 - A.K Road,2026-02-03,MSU Baroda,Diploma in IT
GR1643,Arjun Parmar,arjun.parmar40@example.com,+91 7893335106,Graphic | Video Editing,RWA3 - Maninagar,2026-02-26,MSU Baroda,BBA
GR1644,Amit Trivedi,amit.trivedi86@example.com,+91 8786043234,Graphic | Video Editing,RW1 - A.K Road,2026-02-19,Silver Oak University,B.Tech Computer Science
GR1645,Riya Vyas,riya.vyas33@example.com,+91 6936530017,Full Stack Development,RWA6 - Vastral,2026-02-20,Silver Oak University,M.Sc IT
GR1646,Amit Singh,amit.singh29@example.com,+91 6723609240,AI/ML & Data Science,RWMH - Maheshana,2026-02-08,VNSGU,B.Tech Computer Science
GR1647,Diya Sharma,diya.sharma56@example.com,+91 7937962132,AI/ML & Data Science,RWR2 - Mavdi,2026-02-10,MSU Baroda,BCA
GR1648,Ramesh Shah,ramesh.shah88@example.com,+91 9135700417,Video Editing | 3D Animation,RWAM1 - Amreli,2026-02-25,VNSGU,MCA
GR1649,Sneha Singh,sneha.singh36@example.com,+91 8035055593,Video Editing | 3D Animation,RWGN1 - Gandhinagar,2026-02-26,Silver Oak University,MCA
GR1650,Sneha Patel,sneha.patel94@example.com,+91 7829217273,Graphic | UI/UX,RW5 - Ved Road,2026-02-09,SVNIT,Diploma in IT
GR1651,Diya Gupta,diya.gupta82@example.com,+91 6410828205,Graphic | UI/UX,RW1 - A.K Road,2026-02-08,Marwadi University,B.Com
GR1652,Ramesh Shah,ramesh.shah17@example.com,+91 7527909078,Graphic | UI/UX,RWA2 - Navrangpura,2026-02-20,MSU Baroda,MCA
GR1653,Shaurya Desai,shaurya.desai61@example.com,+91 8350363263,Graphic | Video Editing,RWA5 - Chandkheda,2026-02-28,Marwadi University,MCA
GR1654,Rahul Gupta,rahul.gupta17@example.com,+91 8336258312,AI/ML & Data Science,RWA3 - Maninagar,2026-02-12,Nirma University,B.Com
GR1655,Amit Desai,amit.desai68@example.com,+91 9473647800,Graphic | UI/UX,RWA3 - Maninagar,2026-02-24,Silver Oak University,B.Tech Computer Science
GR1656,Amit Singh,amit.singh46@example.com,+91 9866824839,Full Stack Development,RWGN1 - Gandhinagar,2026-02-16,Gujarat University,Diploma in IT
GR1657,Isha Singh,isha.singh16@example.com,+91 9798291788,Graphic | UI/UX,RW6 - Adajan,2026-02-04,SVNIT,BBA
GR1658,Vihaan Rathod,vihaan.rathod91@example.com,+91 8514316080,Full Stack Development,RWA5 - Chandkheda,2026-02-25,Silver Oak University,M.Sc IT
GR1659,Ramesh Shah,ramesh.shah41@example.com,+91 8052924395,Graphic | Video Editing,RWVN1 - Vidhyanagar,2026-02-08,DDU,M.Sc IT
GR1660,Ramesh Joshi,ramesh.joshi92@example.com,+91 7222451737,Graphic | Video Editing,RWA2 - Navrangpura,2026-02-06,Gujarat University,BCA
GR1661,Maya Rathod,maya.rathod54@example.com,+91 8755237144,Video Editing | 3D Animation,RW5 - Ved Road,2026-02-15,Marwadi University,B.Tech Computer Science
GR1662,Pooja Patel,pooja.patel81@example.com,+91 6328477171,Video Editing | 3D Animation,RW2 - Yogi Chowk,2026-02-04,Nirma University,B.Tech Computer Science
GR1663,Vihaan Gupta,vihaan.gupta18@example.com,+91 6053830566,AI/ML & Data Science,RW6 - Adajan,2026-02-04,SVNIT,B.Com
GR1664,Suresh Patel,suresh.patel53@example.com,+91 9454222826,AI/ML & Data Science,RWR2 - Mavdi,2026-02-04,VNSGU,B.Com
GR1665,Vivaan Kumar,vivaan.kumar90@example.com,+91 6913851860,Graphic | UI/UX,RWA4 - Bopal,2026-02-01,SVNIT,MCA
GR1666,Riya Gupta,riya.gupta51@example.com,+91 8486037936,Video Editing | 3D Animation,RWVN1 - Vidhyanagar,2026-02-15,Silver Oak University,BCA
GR1667,Suresh Parmar,suresh.parmar82@example.com,+91 8791450060,Full Stack Development,RW7 - Vesu,2026-02-11,Silver Oak University,B.Tech Computer Science
GR1668,Tara Patel,tara.patel84@example.com,+91 9322462716,Full Stack Development,RW7 - Vesu,2026-02-16,MSU Baroda,B.Sc IT
GR1669,Ramesh Chauhan,ramesh.chauhan42@example.com,+91 9323944903,Full Stack Development,RWA3 - Maninagar,2026-02-27,RK University,B.Com
GR1670,Kriti Patel,kriti.patel73@example.com,+91 9885056794,Graphic | Video Editing,RWA2 - Navrangpura,2026-02-10,L.D. College of Engineering,BBA
GR1671,Amit Kumar,amit.kumar86@example.com,+91 6647241162,Full Stack Development,RW5 - Ved Road,2026-02-03,SVNIT,M.Sc IT
GR1672,Riya Joshi,riya.joshi90@example.com,+91 7414687363,Graphic | Video Editing,RW4 - Mota Varachha,2026-02-02,Marwadi University,B.Sc IT
GR1673,Rahul Singh,rahul.singh64@example.com,+91 6594440445,Video Editing | 3D Animation,RWNV1 - Navshari,2026-02-23,DDU,B.Com
GR1674,Shaurya Chauhan,shaurya.chauhan55@example.com,+91 6410141157,Graphic | UI/UX,RWA5 - Chandkheda,2026-02-22,MSU Baroda,B.Sc IT
GR1675,Aditya Joshi,aditya.joshi87@example.com,+91 7369242781,Video Editing | 3D Animation,RWR2 - Mavdi,2026-02-09,DDU,BCA
GR1676,Maya Sharma,maya.sharma99@example.com,+91 9952933612,Graphic | UI/UX,RWA1 - Nikol,2026-02-05,SVNIT,MCA
GR1677,Pooja Joshi,pooja.joshi88@example.com,+91 9267979734,Graphic | Video Editing,RW6 - Adajan,2026-02-23,VNSGU,B.Sc IT
GR1678,Kavya Gupta,kavya.gupta53@example.com,+91 8964014915,Full Stack Development,RWVN1 - Vidhyanagar,2026-02-23,RK University,Diploma in IT
GR1679,Pooja Parmar,pooja.parmar70@example.com,+91 6662653022,Full Stack Development,RWNV1 - Navshari,2026-02-21,L.D. College of Engineering,BBA
GR1680,Suresh Chauhan,suresh.chauhan12@example.com,+91 8211054064,Graphic | Video Editing,RWAM1 - Amreli,2026-02-02,RK University,Diploma in IT
GR1681,Maya Mehta,maya.mehta95@example.com,+91 6932809518,AI/ML & Data Science,RWR2 - Mavdi,2026-02-25,DDU,B.Com
GR1682,Neha Sharma,neha.sharma58@example.com,+91 6827740020,Graphic | Video Editing,RWSON - Online,2026-02-23,Gujarat University,Diploma in IT
GR1683,Rahul Rathod,rahul.rathod52@example.com,+91 9081327339,Graphic | Video Editing,RW2 - Yogi Chowk,2026-02-18,DDU,B.Sc IT
GR1684,Aditya Sharma,aditya.sharma94@example.com,+91 7836633484,Graphic | Video Editing,RWVN1 - Vidhyanagar,2026-02-17,Silver Oak University,MCA
GR1685,Aditya Patel,aditya.patel37@example.com,+91 7088587328,Graphic | UI/UX,RW6 - Adajan,2026-02-18,SVNIT,B.Sc IT
GR1686,Kriti Shah,kriti.shah47@example.com,+91 7375647592,AI/ML & Data Science,RWSON - Online,2026-02-15,RK University,M.Sc IT
GR1687,Vikram Rathod,vikram.rathod49@example.com,+91 9297678269,Video Editing | 3D Animation,RWNV1 - Navshari,2026-02-20,SVNIT,B.Sc IT
GR1688,Arjun Chauhan,arjun.chauhan25@example.com,+91 7964216848,Video Editing | 3D Animation,RWA5 - Chandkheda,2026-02-16,Nirma University,Diploma in IT
GR1689,Shaurya Kumar,shaurya.kumar70@example.com,+91 7466539608,Graphic | UI/UX,RW5 - Ved Road,2026-02-16,Silver Oak University,Diploma in IT
GR1690,Arjun Singh,arjun.singh81@example.com,+91 7622091703,Video Editing | 3D Animation,RWA2 - Navrangpura,2026-02-11,Silver Oak University,B.Com
GR1691,Vikram Trivedi,vikram.trivedi88@example.com,+91 8640471192,Video Editing | 3D Animation,RWJN1 - Junagadh,2026-02-23,Marwadi University,B.Tech Computer Science
GR1692,Tara Rathod,tara.rathod58@example.com,+91 8566321302,Graphic | UI/UX,RWR1 - Kotecha,2026-02-11,SVNIT,B.Tech Computer Science
GR1693,Tara Mehta,tara.mehta29@example.com,+91 8655184275,Graphic | Video Editing,RWA2 - Navrangpura,2026-02-02,VNSGU,BCA
GR1694,Pooja Shah,pooja.shah51@example.com,+91 7777522397,Full Stack Development,RWBN - Bhavnagar,2026-02-14,Silver Oak University,BCA
GR1695,Diya Shah,diya.shah46@example.com,+91 9870735310,Graphic | UI/UX,RWJN1 - Junagadh,2026-02-17,MSU Baroda,B.Sc IT
GR1696,Ayaan Chauhan,ayaan.chauhan98@example.com,+91 6648870515,Video Editing | 3D Animation,RWA2 - Navrangpura,2026-02-22,RK University,BBA
GR1697,Krishna Singh,krishna.singh37@example.com,+91 6742983118,Graphic | UI/UX,RWJN1 - Junagadh,2026-02-17,DDU,B.Tech Computer Science
GR1698,Riya Shah,riya.shah80@example.com,+91 7260206278,Graphic | UI/UX,RWMH - Maheshana,2026-02-21,Gujarat University,BCA
GR1699,Maya Kumar,maya.kumar56@example.com,+91 8168109193,AI/ML & Data Science,RWGN1 - Gandhinagar,2026-02-14,Nirma University,MCA
GR1700,Ishaan Mehta,ishaan.mehta22@example.com,+91 8606515542,Graphic | UI/UX,RWBN - Bhavnagar,2026-02-04,Nirma University,B.Sc IT
GR1701,Riya Parmar,riya.parmar84@example.com,+91 7626658138,Graphic | UI/UX,RWGN1 - Gandhinagar,2026-02-08,Marwadi University,B.Tech Computer Science
GR1702,Krishna Desai,krishna.desai26@example.com,+91 7620917906,AI/ML & Data Science,RWA4 - Bopal,2026-02-07,DDU,MCA
GR1703,Diya Shah,diya.shah30@example.com,+91 8452681201,Graphic | Video Editing,RW6 - Adajan,2026-02-21,VNSGU,B.Tech Computer Science
GR1704,Sai Sharma,sai.sharma26@example.com,+91 8680646112,Video Editing | 3D Animation,RWA1 - Nikol,2026-02-02,Silver Oak University,M.Sc IT
GR1705,Ramesh Vyas,ramesh.vyas55@example.com,+91 8065969461,Video Editing | 3D Animation,RWBH1 - Bharuch,2026-02-12,DDU,MCA
GR1706,Amit Rathod,amit.rathod60@example.com,+91 8737360074,Graphic | UI/UX,RWAM1 - Amreli,2026-02-16,DDU,B.Sc IT
GR1707,Suresh Verma,suresh.verma93@example.com,+91 9033487956,Full Stack Development,RWA1 - Nikol,2026-02-28,DDU,B.Tech Computer Science
GR1708,Maya Desai,maya.desai54@example.com,+91 7701935230,Graphic | Video Editing,RW1 - A.K Road,2026-02-25,MSU Baroda,Diploma in IT
GR1709,Vivaan Joshi,vivaan.joshi19@example.com,+91 8291382499,AI/ML & Data Science,RW5 - Ved Road,2026-02-12,Silver Oak University,M.Sc IT
GR1710,Kriti Mehta,kriti.mehta79@example.com,+91 8032142606,Full Stack Development,RWR2 - Mavdi,2026-02-01,L.D. College of Engineering,BBA
GR1711,Amit Joshi,amit.joshi76@example.com,+91 8153715213,Graphic | UI/UX,RWBH1 - Bharuch,2026-02-27,Marwadi University,M.Sc IT
GR1712,Shaurya Patel,shaurya.patel27@example.com,+91 9774071900,Full Stack Development,RWR1 - Kotecha,2026-02-25,L.D. College of Engineering,BBA
GR1713,Vihaan Mehta,vihaan.mehta91@example.com,+91 9028471494,Full Stack Development,RWBN - Bhavnagar,2026-02-21,Gujarat University,B.Tech Computer Science
GR1714,Neha Verma,neha.verma25@example.com,+91 8605862591,Graphic | Video Editing,RWR1 - Kotecha,2026-02-03,MSU Baroda,M.Sc IT
GR1715,Sai Parmar,sai.parmar76@example.com,+91 9681843398,Full Stack Development,RWGN1 - Gandhinagar,2026-02-21,L.D. College of Engineering,B.Tech Computer Science
GR1716,Riya Parmar,riya.parmar25@example.com,+91 7862230783,Full Stack Development,RWSON - Online,2026-02-02,RK University,MCA
GR1717,Pooja Singh,pooja.singh14@example.com,+91 6063015745,Full Stack Development,RWJN1 - Junagadh,2026-02-19,VNSGU,B.Tech Computer Science
GR1718,Ishaan Verma,ishaan.verma76@example.com,+91 6955043127,Video Editing | 3D Animation,RWNV1 - Navshari,2026-02-06,Silver Oak University,M.Sc IT
GR1719,Shaurya Chauhan,shaurya.chauhan65@example.com,+91 7077186437,Graphic | UI/UX,RWAM1 - Amreli,2026-02-28,SVNIT,B.Tech Computer Science
GR1720,Vihaan Verma,vihaan.verma11@example.com,+91 7115262455,Graphic | Video Editing,RW8 - Dindoli,2026-02-26,Nirma University,Diploma in IT
GR1721,Sai Kumar,sai.kumar65@example.com,+91 7267445469,Graphic | Video Editing,RW4 - Mota Varachha,2026-02-06,MSU Baroda,B.Com
GR1722,Krishna Mehta,krishna.mehta83@example.com,+91 9338584661,Video Editing | 3D Animation,RWA6 - Vastral,2026-02-05,Silver Oak University,M.Sc IT
GR1723,Sneha Mehta,sneha.mehta36@example.com,+91 8803470879,Graphic | UI/UX,RWMH - Maheshana,2026-02-22,RK University,MCA
GR1724,Vivaan Shah,vivaan.shah34@example.com,+91 8429398866,Full Stack Development,RWGN1 - Gandhinagar,2026-02-07,Silver Oak University,BBA
GR1725,Vivaan Joshi,vivaan.joshi62@example.com,+91 8468503431,Graphic | UI/UX,RW4 - Mota Varachha,2026-02-24,SVNIT,BCA
GR1726,Neha Sharma,neha.sharma22@example.com,+91 8582791544,Video Editing | 3D Animation,RWNV1 - Navshari,2026-02-04,DDU,B.Com
GR1727,Aarav Shah,aarav.shah87@example.com,+91 9309927190,AI/ML & Data Science,RWJN1 - Junagadh,2026-02-16,Nirma University,B.Tech Computer Science
GR1728,Vihaan Joshi,vihaan.joshi78@example.com,+91 9390082008,Graphic | UI/UX,RWMH - Maheshana,2026-02-22,Nirma University,BBA
GR1729,Maya Vyas,maya.vyas93@example.com,+91 9215811230,AI/ML & Data Science,RWBH1 - Bharuch,2026-02-12,MSU Baroda,B.Com
GR1730,Diya Trivedi,diya.trivedi23@example.com,+91 6714543399,Graphic | Video Editing,RWVN1 - Vidhyanagar,2026-02-20,L.D. College of Engineering,B.Tech Computer Science
GR1731,Neha Shah,neha.shah29@example.com,+91 6634831067,AI/ML & Data Science,RWA3 - Maninagar,2026-02-20,SVNIT,B.Com
GR1732,Isha Mehta,isha.mehta78@example.com,+91 8113136395,Graphic | Video Editing,RW1 - A.K Road,2026-02-06,RK University,MCA
GR1733,Kriti Trivedi,kriti.trivedi71@example.com,+91 6496536266,Graphic | Video Editing,RWA4 - Bopal,2026-02-18,MSU Baroda,B.Com
GR1734,Vikram Vyas,vikram.vyas23@example.com,+91 9047365087,Video Editing | 3D Animation,RWA3 - Maninagar,2026-02-18,RK University,B.Com
GR1735,Aarav Mehta,aarav.mehta68@example.com,+91 9081520600,Graphic | UI/UX,RWR1 - Kotecha,2026-02-14,Silver Oak University,BCA
GR1736,Rahul Desai,rahul.desai24@example.com,+91 8753422068,Graphic | UI/UX,RWBN - Bhavnagar,2026-02-01,RK University,B.Sc IT
GR1737,Rahul Kumar,rahul.kumar84@example.com,+91 8036686744,Graphic | Video Editing,RWA5 - Chandkheda,2026-02-12,RK University,Diploma in IT
GR1738,Vihaan Verma,vihaan.verma56@example.com,+91 7008016114,Full Stack Development,RWVN1 - Vidhyanagar,2026-02-23,VNSGU,BCA
GR1739,Aditya Desai,aditya.desai94@example.com,+91 7756320489,Graphic | UI/UX,RWA3 - Maninagar,2026-02-06,DDU,BBA
GR1740,Sneha Sharma,sneha.sharma84@example.com,+91 9820234928,Full Stack Development,RWA4 - Bopal,2026-02-04,L.D. College of Engineering,BCA
GR1741,Ayaan Patel,ayaan.patel27@example.com,+91 9829679467,Video Editing | 3D Animation,RW1 - A.K Road,2026-02-03,VNSGU,B.Sc IT
GR1742,Sai Desai,sai.desai38@example.com,+91 9178578628,AI/ML & Data Science,RWVN1 - Vidhyanagar,2026-02-19,Silver Oak University,B.Sc IT
GR1743,Suresh Kumar,suresh.kumar81@example.com,+91 8772031699,Video Editing | 3D Animation,RW4 - Mota Varachha,2026-02-25,L.D. College of Engineering,M.Sc IT
GR1744,Vivaan Chauhan,vivaan.chauhan49@example.com,+91 7882175910,Video Editing | 3D Animation,RW5 - Ved Road,2026-02-05,VNSGU,M.Sc IT
GR1745,Vihaan Trivedi,vihaan.trivedi99@example.com,+91 9728818623,Graphic | UI/UX,RWAM1 - Amreli,2026-02-04,SVNIT,B.Sc IT
GR1746,Arjun Vyas,arjun.vyas96@example.com,+91 9787366665,AI/ML & Data Science,RWA4 - Bopal,2026-02-28,Nirma University,M.Sc IT
GR1747,Maya Desai,maya.desai15@example.com,+91 6045548712,Video Editing | 3D Animation,RWJN1 - Junagadh,2026-02-26,MSU Baroda,B.Sc IT
GR1748,Suresh Patel,suresh.patel13@example.com,+91 7986599274,Full Stack Development,RWGN1 - Gandhinagar,2026-02-27,DDU,B.Sc IT
GR1749,Ishaan Patel,ishaan.patel60@example.com,+91 9265793696,AI/ML & Data Science,RW7 - Vesu,2026-02-04,MSU Baroda,B.Sc IT
GR1750,Neha Rathod,neha.rathod17@example.com,+91 8864832928,Video Editing | 3D Animation,RWGN1 - Gandhinagar,2026-02-06,SVNIT,BCA
GR1751,Sai Desai,sai.desai98@example.com,+91 9701720196,Graphic | Video Editing,RW6 - Adajan,2026-02-15,Gujarat University,MCA
GR1752,Ayaan Mehta,ayaan.mehta87@example.com,+91 8215547626,Graphic | UI/UX,RWR1 - Kotecha,2026-02-16,MSU Baroda,Diploma in IT
GR1753,Aarav Sharma,aarav.sharma66@example.com,+91 8060883310,Graphic | Video Editing,RWBN - Bhavnagar,2026-02-22,Gujarat University,M.Sc IT
GR1754,Arjun Chauhan,arjun.chauhan95@example.com,+91 6481725345,Graphic | UI/UX,RW2 - Yogi Chowk,2026-02-27,VNSGU,BBA
GR1755,Ishaan Chauhan,ishaan.chauhan95@example.com,+91 7346525261,Graphic | Video Editing,RWVN1 - Vidhyanagar,2026-02-11,VNSGU,BBA
GR1756,Sneha Verma,sneha.verma41@example.com,+91 7211812271,Graphic | UI/UX,RWA1 - Nikol,2026-02-11,VNSGU,BBA
GR1757,Riya Sharma,riya.sharma25@example.com,+91 8150960645,Graphic | Video Editing,RWA1 - Nikol,2026-02-16,L.D. College of Engineering,BBA
GR1758,Isha Shah,isha.shah22@example.com,+91 6018109358,Full Stack Development,RWA6 - Vastral,2026-02-01,SVNIT,M.Sc IT
GR1759,Isha Desai,isha.desai75@example.com,+91 9387614640,Graphic | UI/UX,RWA6 - Vastral,2026-02-16,DDU,Diploma in IT
GR1760,Shaurya Parmar,shaurya.parmar97@example.com,+91 6953818359,AI/ML & Data Science,RWGN1 - Gandhinagar,2026-02-11,L.D. College of Engineering,BCA
GR1761,Neha Desai,neha.desai90@example.com,+91 7643587910,Full Stack Development,RW5 - Ved Road,2026-02-02,DDU,BCA
GR1762,Pooja Joshi,pooja.joshi34@example.com,+91 9239879715,AI/ML & Data Science,RWA1 - Nikol,2026-02-02,L.D. College of Engineering,B.Sc IT
GR1763,Krishna Desai,krishna.desai42@example.com,+91 7374507660,Video Editing | 3D Animation,RW4 - Mota Varachha,2026-02-12,Gujarat University,M.Sc IT
GR1764,Ayaan Mehta,ayaan.mehta55@example.com,+91 9197624262,Full Stack Development,RWNV1 - Navshari,2026-02-23,Gujarat University,BBA
GR1765,Tara Joshi,tara.joshi22@example.com,+91 9046368799,Full Stack Development,RW2 - Yogi Chowk,2026-02-27,L.D. College of Engineering,Diploma in IT
GR1766,Ishaan Verma,ishaan.verma24@example.com,+91 7644072912,AI/ML & Data Science,RWJN1 - Junagadh,2026-02-19,Nirma University,MCA
GR1767,Rahul Singh,rahul.singh28@example.com,+91 9169307627,Graphic | UI/UX,RWAM1 - Amreli,2026-02-05,MSU Baroda,BCA
GR1768,Amit Joshi,amit.joshi67@example.com,+91 6506109502,Video Editing | 3D Animation,RWNV1 - Navshari,2026-02-26,Nirma University,Diploma in IT
GR1769,Arjun Vyas,arjun.vyas88@example.com,+91 9245874180,Full Stack Development,RW8 - Dindoli,2026-02-07,MSU Baroda,M.Sc IT
GR1770,Ayaan Desai,ayaan.desai52@example.com,+91 9404656677,Full Stack Development,RW4 - Mota Varachha,2026-02-19,Nirma University,BCA
GR1771,Kavya Trivedi,kavya.trivedi94@example.com,+91 8552501005,Graphic | Video Editing,RWR2 - Mavdi,2026-02-08,RK University,B.Tech Computer Science
GR1772,Neha Verma,neha.verma57@example.com,+91 6479741850,Full Stack Development,RW8 - Dindoli,2026-02-20,Nirma University,B.Tech Computer Science
GR1773,Neha Parmar,neha.parmar63@example.com,+91 6801670890,Video Editing | 3D Animation,RWR1 - Kotecha,2026-02-02,SVNIT,M.Sc IT
GR1774,Vihaan Desai,vihaan.desai57@example.com,+91 8226068235,AI/ML & Data Science,RW8 - Dindoli,2026-02-28,VNSGU,M.Sc IT
GR1775,Suresh Mehta,suresh.mehta98@example.com,+91 9327923746,Graphic | UI/UX,RWA6 - Vastral,2026-02-14,L.D. College of Engineering,M.Sc IT
GR1776,Ishaan Singh,ishaan.singh52@example.com,+91 8763807676,Full Stack Development,RWVN1 - Vidhyanagar,2026-02-15,MSU Baroda,M.Sc IT
GR1777,Ishaan Chauhan,ishaan.chauhan55@example.com,+91 9744647430,Graphic | Video Editing,RWA3 - Maninagar,2026-02-15,MSU Baroda,B.Com
GR1778,Maya Rathod,maya.rathod16@example.com,+91 9900673942,Video Editing | 3D Animation,RW4 - Mota Varachha,2026-02-05,SVNIT,MCA
GR1779,Kriti Sharma,kriti.sharma34@example.com,+91 9388502127,Graphic | UI/UX,RWA4 - Bopal,2026-02-27,DDU,B.Com
GR1780,Suresh Singh,suresh.singh15@example.com,+91 6065001249,AI/ML & Data Science,RWVN1 - Vidhyanagar,2026-02-19,SVNIT,BCA
GR1781,Diya Vyas,diya.vyas48@example.com,+91 6661449021,Graphic | Video Editing,RW6 - Adajan,2026-02-11,MSU Baroda,B.Sc IT
GR1782,Sai Rathod,sai.rathod37@example.com,+91 8079290786,Video Editing | 3D Animation,RW1 - A.K Road,2026-02-24,DDU,M.Sc IT
GR1783,Maya Trivedi,maya.trivedi53@example.com,+91 9421383533,Video Editing | 3D Animation,RWA4 - Bopal,2026-02-10,VNSGU,MCA
GR1784,Kavya Kumar,kavya.kumar29@example.com,+91 8483508632,Graphic | UI/UX,RWBH1 - Bharuch,2026-02-05,RK University,BCA
GR1785,Aditya Verma,aditya.verma52@example.com,+91 6390964479,AI/ML & Data Science,RWJN1 - Junagadh,2026-02-17,Marwadi University,B.Sc IT
GR1786,Aditya Verma,aditya.verma94@example.com,+91 7554735883,Graphic | Video Editing,RWBN - Bhavnagar,2026-02-17,L.D. College of Engineering,B.Com
GR1787,Suresh Singh,suresh.singh75@example.com,+91 8502671005,Full Stack Development,RWBN - Bhavnagar,2026-02-07,Marwadi University,Diploma in IT
GR1788,Aditya Joshi,aditya.joshi22@example.com,+91 9598131145,Graphic | Video Editing,RW5 - Ved Road,2026-02-17,DDU,BCA
GR1789,Neha Rathod,neha.rathod28@example.com,+91 6630584784,Full Stack Development,RWVN1 - Vidhyanagar,2026-02-15,RK University,BBA
GR1790,Diya Joshi,diya.joshi84@example.com,+91 8787507668,Graphic | UI/UX,RWMH - Maheshana,2026-02-14,DDU,B.Sc IT
GR1791,Vikram Trivedi,vikram.trivedi97@example.com,+91 9937495713,Graphic | Video Editing,RW8 - Dindoli,2026-02-23,Marwadi University,B.Tech Computer Science
GR1792,Arjun Parmar,arjun.parmar55@example.com,+91 9039802581,Graphic | UI/UX,RWR1 - Kotecha,2026-02-20,DDU,Diploma in IT
GR1793,Kavya Joshi,kavya.joshi82@example.com,+91 8512823774,Graphic | UI/UX,RWA6 - Vastral,2026-02-25,Marwadi University,MCA
GR1794,Vivaan Sharma,vivaan.sharma94@example.com,+91 9278941806,Video Editing | 3D Animation,RWBH1 - Bharuch,2026-02-05,Nirma University,B.Com
GR1795,Suresh Gupta,suresh.gupta21@example.com,+91 8458370170,Video Editing | 3D Animation,RWMH - Maheshana,2026-02-02,DDU,BCA
GR1796,Diya Patel,diya.patel98@example.com,+91 9175921733,Graphic | Video Editing,RWAM1 - Amreli,2026-02-19,MSU Baroda,B.Com
GR1797,Kriti Patel,kriti.patel68@example.com,+91 7670237584,Full Stack Development,RWA3 - Maninagar,2026-02-12,VNSGU,BCA
GR1798,Ramesh Chauhan,ramesh.chauhan21@example.com,+91 7806645188,AI/ML & Data Science,RWGN1 - Gandhinagar,2026-02-25,Silver Oak University,B.Sc IT
GR1799,Tara Vyas,tara.vyas94@example.com,+91 8942087284,Full Stack Development,RWR1 - Kotecha,2026-02-23,L.D. College of Engineering,B.Com
GR1800,Tara Parmar,tara.parmar34@example.com,+91 9275662326,Graphic | UI/UX,RWGN1 - Gandhinagar,2026-02-09,Marwadi University,BBA
GR1801,Tara Vyas,tara.vyas90@example.com,+91 6501170021,Graphic | UI/UX,RWA1 - Nikol,2026-02-26,Silver Oak University,B.Com
GR1802,Sai Patel,sai.patel90@example.com,+91 9812746800,Video Editing | 3D Animation,RW6 - Adajan,2026-02-25,Gujarat University,B.Com
GR1803,Neha Joshi,neha.joshi10@example.com,+91 6079280562,Graphic | UI/UX,RWMH - Maheshana,2026-02-01,VNSGU,MCA
GR1804,Ramesh Rathod,ramesh.rathod94@example.com,+91 6049661454,Graphic | Video Editing,RW4 - Mota Varachha,2026-02-24,RK University,B.Com
GR1805,Suresh Kumar,suresh.kumar84@example.com,+91 8168905933,AI/ML & Data Science,RW1 - A.K Road,2026-02-09,VNSGU,MCA
GR1806,Krishna Mehta,krishna.mehta63@example.com,+91 9884398913,Full Stack Development,RWGN1 - Gandhinagar,2026-02-01,Marwadi University,BCA
GR1807,Arjun Mehta,arjun.mehta89@example.com,+91 6393101338,Full Stack Development,RW6 - Adajan,2026-02-20,RK University,BCA
GR1808,Kavya Joshi,kavya.joshi20@example.com,+91 6734333730,Graphic | UI/UX,RWA6 - Vastral,2026-02-20,VNSGU,B.Com
GR1809,Aarav Desai,aarav.desai48@example.com,+91 7160457880,Video Editing | 3D Animation,RWR1 - Kotecha,2026-02-12,VNSGU,BCA
GR1810,Kriti Joshi,kriti.joshi58@example.com,+91 6619676117,Video Editing | 3D Animation,RWSON - Online,2026-02-16,Silver Oak University,B.Com
GR1811,Amit Vyas,amit.vyas98@example.com,+91 7023841562,Graphic | UI/UX,RW4 - Mota Varachha,2026-02-09,Marwadi University,B.Com
GR1812,Kavya Verma,kavya.verma50@example.com,+91 8426431025,Video Editing | 3D Animation,RW2 - Yogi Chowk,2026-02-26,SVNIT,M.Sc IT
GR1813,Vihaan Trivedi,vihaan.trivedi11@example.com,+91 6714993423,Graphic | Video Editing,RWA3 - Maninagar,2026-02-03,MSU Baroda,Diploma in IT
GR1814,Tara Parmar,tara.parmar88@example.com,+91 8278776995,Graphic | Video Editing,RWVN1 - Vidhyanagar,2026-02-22,Silver Oak University,M.Sc IT
GR1815,Kavya Mehta,kavya.mehta72@example.com,+91 7516822906,Full Stack Development,RW6 - Adajan,2026-02-28,VNSGU,M.Sc IT
GR1816,Tara Chauhan,tara.chauhan47@example.com,+91 6241515271,Graphic | Video Editing,RWA5 - Chandkheda,2026-02-13,Marwadi University,BCA
GR1817,Aarav Chauhan,aarav.chauhan39@example.com,+91 8449838557,AI/ML & Data Science,RWJN1 - Junagadh,2026-02-23,MSU Baroda,M.Sc IT
GR1818,Isha Shah,isha.shah50@example.com,+91 6254119331,Video Editing | 3D Animation,RWNV1 - Navshari,2026-02-19,DDU,BCA
GR1819,Riya Gupta,riya.gupta71@example.com,+91 6212427950,Graphic | Video Editing,RW4 - Mota Varachha,2026-02-23,Nirma University,BCA
GR1820,Kriti Chauhan,kriti.chauhan78@example.com,+91 7601374773,AI/ML & Data Science,RW2 - Yogi Chowk,2026-02-19,Silver Oak University,B.Com
GR1821,Sneha Kumar,sneha.kumar83@example.com,+91 9744426668,Graphic | Video Editing,RW1 - A.K Road,2026-02-05,SVNIT,BBA
GR1822,Amit Verma,amit.verma92@example.com,+91 8700382332,Full Stack Development,RW1 - A.K Road,2026-02-08,Marwadi University,B.Tech Computer Science
GR1823,Isha Vyas,isha.vyas10@example.com,+91 6690288158,Graphic | Video Editing,RWBN - Bhavnagar,2026-02-10,MSU Baroda,M.Sc IT
GR1824,Rahul Desai,rahul.desai69@example.com,+91 7260097492,Video Editing | 3D Animation,RWBN - Bhavnagar,2026-02-09,Nirma University,MCA
GR1825,Suresh Chauhan,suresh.chauhan29@example.com,+91 9186221879,Full Stack Development,RW7 - Vesu,2026-02-04,Silver Oak University,B.Tech Computer Science
GR1826,Vikram Mehta,vikram.mehta24@example.com,+91 6849529686,Graphic | Video Editing,RWA4 - Bopal,2026-02-03,VNSGU,BCA
GR1827,Kavya Mehta,kavya.mehta80@example.com,+91 9009865308,AI/ML & Data Science,RW6 - Adajan,2026-02-07,Silver Oak University,B.Tech Computer Science
GR1828,Tara Mehta,tara.mehta66@example.com,+91 9011625456,AI/ML & Data Science,RWAM1 - Amreli,2026-02-02,Nirma University,M.Sc IT
GR1829,Arjun Vyas,arjun.vyas64@example.com,+91 6688625388,AI/ML & Data Science,RWAM1 - Amreli,2026-02-06,VNSGU,BBA
GR1830,Arjun Patel,arjun.patel36@example.com,+91 6195256070,AI/ML & Data Science,RWNV1 - Navshari,2026-02-15,VNSGU,B.Com
GR1831,Pooja Patel,pooja.patel22@example.com,+91 8877637556,AI/ML & Data Science,RWNV1 - Navshari,2026-02-13,SVNIT,Diploma in IT
GR1832,Krishna Rathod,krishna.rathod46@example.com,+91 6230887617,Graphic | UI/UX,RW2 - Yogi Chowk,2026-02-13,VNSGU,B.Tech Computer Science
GR1833,Suresh Patel,suresh.patel24@example.com,+91 7509408202,Video Editing | 3D Animation,RWBH1 - Bharuch,2026-02-12,Gujarat University,M.Sc IT
GR1834,Shaurya Gupta,shaurya.gupta38@example.com,+91 6757027319,Graphic | UI/UX,RW2 - Yogi Chowk,2026-02-01,MSU Baroda,B.Sc IT
GR1835,Sai Kumar,sai.kumar82@example.com,+91 7748716901,Full Stack Development,RW8 - Dindoli,2026-02-16,MSU Baroda,B.Tech Computer Science
GR1836,Vihaan Gupta,vihaan.gupta88@example.com,+91 9346945027,Video Editing | 3D Animation,RWAM1 - Amreli,2026-02-19,VNSGU,B.Com
GR1837,Amit Rathod,amit.rathod77@example.com,+91 8364829346,Graphic | UI/UX,RWVN1 - Vidhyanagar,2026-02-27,RK University,B.Tech Computer Science
GR1838,Arjun Vyas,arjun.vyas77@example.com,+91 7246839986,Full Stack Development,RW8 - Dindoli,2026-02-05,Silver Oak University,Diploma in IT
GR1839,Riya Joshi,riya.joshi24@example.com,+91 7441536772,AI/ML & Data Science,RWA1 - Nikol,2026-02-15,L.D. College of Engineering,MCA
GR1840,Vihaan Joshi,vihaan.joshi22@example.com,+91 9886413566,Full Stack Development,RW6 - Adajan,2026-02-20,SVNIT,M.Sc IT
GR1841,Pooja Verma,pooja.verma44@example.com,+91 8863018805,Graphic | UI/UX,RWSON - Online,2026-02-09,RK University,BBA
GR1842,Pooja Patel,pooja.patel27@example.com,+91 6418660455,Full Stack Development,RW6 - Adajan,2026-02-03,VNSGU,B.Com
GR1843,Sneha Parmar,sneha.parmar95@example.com,+91 6750920584,Graphic | Video Editing,RW2 - Yogi Chowk,2026-02-04,SVNIT,Diploma in IT
GR1844,Shaurya Mehta,shaurya.mehta58@example.com,+91 9076357404,AI/ML & Data Science,RWA5 - Chandkheda,2026-02-06,L.D. College of Engineering,B.Com
GR1845,Rahul Mehta,rahul.mehta11@example.com,+91 6909871918,AI/ML & Data Science,RWBH1 - Bharuch,2026-02-14,VNSGU,Diploma in IT
GR1846,Maya Kumar,maya.kumar14@example.com,+91 6011005922,AI/ML & Data Science,RWA2 - Navrangpura,2026-02-19,Nirma University,B.Sc IT
GR1847,Ishaan Kumar,ishaan.kumar81@example.com,+91 6067982643,Graphic | Video Editing,RWBN - Bhavnagar,2026-02-18,DDU,MCA
GR1848,Arjun Gupta,arjun.gupta98@example.com,+91 7041007363,AI/ML & Data Science,RW6 - Adajan,2026-02-10,Gujarat University,BBA
GR1849,Rahul Gupta,rahul.gupta96@example.com,+91 8021655042,Full Stack Development,RWGN1 - Gandhinagar,2026-02-11,Silver Oak University,M.Sc IT
GR1850,Neha Parmar,neha.parmar44@example.com,+91 8873550131,Video Editing | 3D Animation,RWVN1 - Vidhyanagar,2026-02-12,Silver Oak University,B.Com
GR1851,Isha Patel,isha.patel77@example.com,+91 6369131008,Full Stack Development,RWBH1 - Bharuch,2026-02-17,RK University,B.Sc IT
GR1852,Neha Singh,neha.singh96@example.com,+91 6431136539,Graphic | UI/UX,RWJN1 - Junagadh,2026-02-12,L.D. College of Engineering,BCA
GR1853,Ramesh Gupta,ramesh.gupta87@example.com,+91 9001331393,Video Editing | 3D Animation,RWR1 - Kotecha,2026-02-25,Gujarat University,B.Sc IT
GR1854,Ayaan Chauhan,ayaan.chauhan98@example.com,+91 6720931509,Graphic | UI/UX,RWVN1 - Vidhyanagar,2026-02-26,MSU Baroda,BCA
GR1855,Ayaan Mehta,ayaan.mehta47@example.com,+91 7284217353,Full Stack Development,RW1 - A.K Road,2026-02-15,RK University,M.Sc IT
GR1856,Isha Desai,isha.desai79@example.com,+91 6215741160,Full Stack Development,RWAM1 - Amreli,2026-02-03,Marwadi University,MCA
GR1857,Krishna Kumar,krishna.kumar82@example.com,+91 8035873068,Graphic | UI/UX,RWGN1 - Gandhinagar,2026-02-03,Nirma University,B.Tech Computer Science
GR1858,Riya Verma,riya.verma96@example.com,+91 6698083478,AI/ML & Data Science,RWNV1 - Navshari,2026-02-24,Gujarat University,BCA
GR1859,Krishna Kumar,krishna.kumar33@example.com,+91 8228345915,Full Stack Development,RW4 - Mota Varachha,2026-02-12,Nirma University,BBA
GR1860,Tara Joshi,tara.joshi62@example.com,+91 6928633521,AI/ML & Data Science,RWA3 - Maninagar,2026-02-27,L.D. College of Engineering,B.Tech Computer Science
GR1861,Kavya Mehta,kavya.mehta69@example.com,+91 8536909454,Graphic | UI/UX,RWA5 - Chandkheda,2026-02-21,Marwadi University,MCA
GR1862,Tara Trivedi,tara.trivedi46@example.com,+91 8074303906,Video Editing | 3D Animation,RWGN1 - Gandhinagar,2026-02-04,Marwadi University,B.Sc IT
GR1863,Kriti Sharma,kriti.sharma99@example.com,+91 7345304912,AI/ML & Data Science,RW5 - Ved Road,2026-02-11,SVNIT,Diploma in IT
GR1864,Aarav Vyas,aarav.vyas92@example.com,+91 7431500591,AI/ML & Data Science,RWAM1 - Amreli,2026-02-26,RK University,BBA
GR1865,Riya Verma,riya.verma67@example.com,+91 8696992033,Video Editing | 3D Animation,RWR2 - Mavdi,2026-02-24,L.D. College of Engineering,BBA
GR1866,Vihaan Sharma,vihaan.sharma28@example.com,+91 8739292396,Video Editing | 3D Animation,RWVN1 - Vidhyanagar,2026-02-18,Gujarat University,M.Sc IT
GR1867,Kavya Patel,kavya.patel96@example.com,+91 6065128522,Graphic | Video Editing,RWA2 - Navrangpura,2026-02-10,Gujarat University,B.Sc IT
GR1868,Vihaan Verma,vihaan.verma18@example.com,+91 6998021422,AI/ML & Data Science,RW2 - Yogi Chowk,2026-02-27,DDU,BCA
GR1869,Aarav Rathod,aarav.rathod84@example.com,+91 9632377314,Full Stack Development,RWVN1 - Vidhyanagar,2026-02-04,L.D. College of Engineering,M.Sc IT
GR1870,Shaurya Sharma,shaurya.sharma16@example.com,+91 7099551631,Graphic | UI/UX,RW5 - Ved Road,2026-02-22,L.D. College of Engineering,B.Sc IT
GR1871,Vikram Singh,vikram.singh31@example.com,+91 9039916160,Full Stack Development,RW4 - Mota Varachha,2026-02-03,MSU Baroda,B.Com
GR1872,Amit Shah,amit.shah42@example.com,+91 9747432494,Graphic | Video Editing,RWA2 - Navrangpura,2026-02-24,VNSGU,M.Sc IT
GR1873,Kriti Patel,kriti.patel52@example.com,+91 8986255202,Video Editing | 3D Animation,RWA5 - Chandkheda,2026-02-22,Marwadi University,B.Com
GR1874,Maya Mehta,maya.mehta93@example.com,+91 7066081738,AI/ML & Data Science,RWR1 - Kotecha,2026-02-20,Gujarat University,MCA
GR1875,Ishaan Chauhan,ishaan.chauhan94@example.com,+91 8763374337,Full Stack Development,RWA4 - Bopal,2026-02-11,SVNIT,B.Tech Computer Science
GR1876,Pooja Singh,pooja.singh10@example.com,+91 8877451217,Graphic | UI/UX,RWAM1 - Amreli,2026-02-05,SVNIT,BBA
GR1877,Vikram Trivedi,vikram.trivedi52@example.com,+91 8917232194,Graphic | UI/UX,RWVN1 - Vidhyanagar,2026-02-14,MSU Baroda,B.Com
GR1878,Diya Mehta,diya.mehta51@example.com,+91 8084162308,Graphic | UI/UX,RWAM1 - Amreli,2026-02-08,Silver Oak University,B.Com
GR1879,Kavya Kumar,kavya.kumar85@example.com,+91 9521835984,AI/ML & Data Science,RWA6 - Vastral,2026-02-27,DDU,MCA
GR1880,Isha Desai,isha.desai39@example.com,+91 9378981592,Graphic | Video Editing,RWA6 - Vastral,2026-02-28,Nirma University,B.Sc IT
GR1881,Kavya Desai,kavya.desai90@example.com,+91 7361758455,Full Stack Development,RWR2 - Mavdi,2026-02-27,Gujarat University,BCA
GR1882,Sneha Patel,sneha.patel37@example.com,+91 6899177927,Graphic | UI/UX,RWVN1 - Vidhyanagar,2026-02-08,Silver Oak University,B.Com
GR1883,Shaurya Desai,shaurya.desai55@example.com,+91 7244347637,AI/ML & Data Science,RWNV1 - Navshari,2026-02-22,Nirma University,B.Tech Computer Science
GR1884,Neha Vyas,neha.vyas33@example.com,+91 7999170958,Video Editing | 3D Animation,RWA4 - Bopal,2026-02-15,SVNIT,B.Sc IT
GR1885,Ramesh Rathod,ramesh.rathod98@example.com,+91 6944464618,AI/ML & Data Science,RWJN1 - Junagadh,2026-02-08,Silver Oak University,BCA
GR1886,Neha Parmar,neha.parmar93@example.com,+91 6898202574,Graphic | Video Editing,RW4 - Mota Varachha,2026-02-01,RK University,MCA
GR1887,Riya Joshi,riya.joshi90@example.com,+91 7874570826,Full Stack Development,RWA3 - Maninagar,2026-02-19,Silver Oak University,M.Sc IT
GR1888,Neha Singh,neha.singh26@example.com,+91 8514127920,Full Stack Development,RWR1 - Kotecha,2026-02-02,Silver Oak University,BCA
GR1889,Suresh Verma,suresh.verma84@example.com,+91 9404759326,AI/ML & Data Science,RW5 - Ved Road,2026-02-16,RK University,Diploma in IT
GR1890,Vihaan Singh,vihaan.singh14@example.com,+91 7721901180,AI/ML & Data Science,RWA5 - Chandkheda,2026-02-18,Gujarat University,BCA
GR1891,Ishaan Rathod,ishaan.rathod57@example.com,+91 6660429824,Graphic | UI/UX,RWMH - Maheshana,2026-02-10,RK University,B.Com
GR1892,Kriti Verma,kriti.verma85@example.com,+91 9960663198,Graphic | Video Editing,RWA6 - Vastral,2026-02-08,SVNIT,B.Sc IT
GR1893,Arjun Joshi,arjun.joshi25@example.com,+91 8430998891,AI/ML & Data Science,RWBN - Bhavnagar,2026-02-20,MSU Baroda,B.Com
GR1894,Vivaan Parmar,vivaan.parmar94@example.com,+91 9150945057,Graphic | Video Editing,RWA2 - Navrangpura,2026-02-07,SVNIT,B.Com
GR1895,Vivaan Vyas,vivaan.vyas72@example.com,+91 8496152946,Video Editing | 3D Animation,RW6 - Adajan,2026-02-11,MSU Baroda,B.Sc IT
GR1896,Aditya Chauhan,aditya.chauhan65@example.com,+91 9756384110,Graphic | UI/UX,RWBN - Bhavnagar,2026-02-02,MSU Baroda,MCA
GR1897,Neha Joshi,neha.joshi46@example.com,+91 7350399836,Graphic | Video Editing,RWA6 - Vastral,2026-02-02,VNSGU,B.Tech Computer Science
GR1898,Krishna Singh,krishna.singh89@example.com,+91 7979348574,Graphic | UI/UX,RWJN1 - Junagadh,2026-02-14,Nirma University,B.Tech Computer Science
GR1899,Ayaan Verma,ayaan.verma10@example.com,+91 6084677006,Graphic | Video Editing,RW1 - A.K Road,2026-02-10,Marwadi University,MCA
GR1900,Rahul Desai,rahul.desai13@example.com,+91 9928058466,Full Stack Development,RW6 - Adajan,2026-02-25,Silver Oak University,M.Sc IT
GR1901,Riya Rathod,riya.rathod61@example.com,+91 8110856175,AI/ML & Data Science,RWA3 - Maninagar,2026-02-24,RK University,M.Sc IT
GR1902,Ishaan Parmar,ishaan.parmar72@example.com,+91 9746460901,Video Editing | 3D Animation,RW5 - Ved Road,2026-02-04,Nirma University,B.Sc IT
GR1903,Riya Verma,riya.verma76@example.com,+91 8173856267,AI/ML & Data Science,RW2 - Yogi Chowk,2026-02-28,L.D. College of Engineering,BCA
GR1904,Rahul Gupta,rahul.gupta70@example.com,+91 7228034325,Graphic | Video Editing,RW6 - Adajan,2026-02-15,RK University,BCA
GR1905,Kriti Verma,kriti.verma46@example.com,+91 6882187349,Video Editing | 3D Animation,RW7 - Vesu,2026-02-20,Marwadi University,BCA
GR1906,Tara Gupta,tara.gupta67@example.com,+91 7716447022,Graphic | UI/UX,RW1 - A.K Road,2026-02-22,Marwadi University,B.Com
GR1907,Arjun Trivedi,arjun.trivedi35@example.com,+91 8424769533,Graphic | UI/UX,RWVN1 - Vidhyanagar,2026-02-18,Gujarat University,B.Com
GR1908,Kriti Mehta,kriti.mehta87@example.com,+91 8276888365,Graphic | Video Editing,RW8 - Dindoli,2026-02-14,RK University,BCA
GR1909,Sneha Joshi,sneha.joshi33@example.com,+91 8713860164,Graphic | UI/UX,RWR2 - Mavdi,2026-02-01,Gujarat University,BBA
GR1910,Vikram Rathod,vikram.rathod63@example.com,+91 6063607406,Full Stack Development,RWR2 - Mavdi,2026-02-19,Silver Oak University,M.Sc IT
GR1911,Tara Trivedi,tara.trivedi13@example.com,+91 7129056975,Video Editing | 3D Animation,RWA2 - Navrangpura,2026-02-26,SVNIT,M.Sc IT
GR1912,Rahul Verma,rahul.verma65@example.com,+91 8379668925,AI/ML & Data Science,RWGN1 - Gandhinagar,2026-02-16,VNSGU,BBA
GR1913,Suresh Singh,suresh.singh48@example.com,+91 6070642594,Graphic | Video Editing,RWR1 - Kotecha,2026-02-01,DDU,B.Sc IT
GR1914,Diya Shah,diya.shah74@example.com,+91 9068318630,AI/ML & Data Science,RW6 - Adajan,2026-02-03,SVNIT,BCA
GR1915,Pooja Desai,pooja.desai81@example.com,+91 9570793004,AI/ML & Data Science,RW2 - Yogi Chowk,2026-02-08,MSU Baroda,MCA
GR1916,Amit Shah,amit.shah49@example.com,+91 8410625727,Graphic | UI/UX,RWMH - Maheshana,2026-02-16,L.D. College of Engineering,BBA
GR1917,Vihaan Mehta,vihaan.mehta60@example.com,+91 9769535668,Video Editing | 3D Animation,RWAM1 - Amreli,2026-02-06,RK University,MCA
GR1918,Isha Gupta,isha.gupta30@example.com,+91 8755028575,Graphic | UI/UX,RWNV1 - Navshari,2026-02-03,Silver Oak University,BCA
GR1919,Vikram Desai,vikram.desai86@example.com,+91 9018566637,Graphic | Video Editing,RWGN1 - Gandhinagar,2026-02-22,L.D. College of Engineering,B.Tech Computer Science
GR1920,Aarav Chauhan,aarav.chauhan91@example.com,+91 6321382224,Video Editing | 3D Animation,RWA6 - Vastral,2026-02-13,Marwadi University,B.Tech Computer Science
GR1921,Aarav Desai,aarav.desai65@example.com,+91 8205622517,Video Editing | 3D Animation,RWA6 - Vastral,2026-02-20,DDU,BBA
GR1922,Sneha Trivedi,sneha.trivedi96@example.com,+91 9371459791,Graphic | Video Editing,RWNV1 - Navshari,2026-02-05,VNSGU,B.Tech Computer Science
GR1923,Maya Singh,maya.singh92@example.com,+91 9035126033,Graphic | Video Editing,RW7 - Vesu,2026-02-20,MSU Baroda,Diploma in IT
GR1924,Vikram Sharma,vikram.sharma55@example.com,+91 6518865984,Graphic | UI/UX,RW8 - Dindoli,2026-02-17,Marwadi University,MCA
GR1925,Pooja Mehta,pooja.mehta60@example.com,+91 9221083830,Full Stack Development,RWBH1 - Bharuch,2026-02-17,L.D. College of Engineering,B.Sc IT
GR1926,Neha Chauhan,neha.chauhan57@example.com,+91 7507174709,Graphic | Video Editing,RWJN1 - Junagadh,2026-02-04,Marwadi University,BBA
GR1927,Pooja Shah,pooja.shah31@example.com,+91 6700163194,Full Stack Development,RW1 - A.K Road,2026-02-21,RK University,M.Sc IT
GR1928,Shaurya Kumar,shaurya.kumar86@example.com,+91 9942671213,Full Stack Development,RWJN1 - Junagadh,2026-02-25,VNSGU,B.Tech Computer Science
GR1929,Ramesh Vyas,ramesh.vyas60@example.com,+91 8919028735,Graphic | UI/UX,RW1 - A.K Road,2026-02-03,Nirma University,M.Sc IT
GR1930,Shaurya Joshi,shaurya.joshi39@example.com,+91 7364613949,AI/ML & Data Science,RWA4 - Bopal,2026-02-10,RK University,BBA
GR1931,Ishaan Joshi,ishaan.joshi32@example.com,+91 9279514479,Video Editing | 3D Animation,RW4 - Mota Varachha,2026-02-26,Silver Oak University,B.Tech Computer Science
GR1932,Krishna Sharma,krishna.sharma57@example.com,+91 8578095116,AI/ML & Data Science,RW5 - Ved Road,2026-02-13,Nirma University,B.Sc IT
GR1933,Ishaan Vyas,ishaan.vyas92@example.com,+91 6827042414,Full Stack Development,RWNV1 - Navshari,2026-02-05,Nirma University,Diploma in IT
GR1934,Pooja Gupta,pooja.gupta75@example.com,+91 9376084215,Graphic | UI/UX,RWNV1 - Navshari,2026-02-09,Nirma University,B.Com
GR1935,Riya Patel,riya.patel13@example.com,+91 8874560802,Graphic | UI/UX,RWA1 - Nikol,2026-02-07,RK University,BCA
GR1936,Suresh Mehta,suresh.mehta96@example.com,+91 7569466571,Graphic | Video Editing,RWA4 - Bopal,2026-02-02,RK University,M.Sc IT
GR1937,Sai Shah,sai.shah44@example.com,+91 9252902406,Graphic | UI/UX,RWR2 - Mavdi,2026-02-07,L.D. College of Engineering,M.Sc IT
GR1938,Neha Vyas,neha.vyas58@example.com,+91 7232145489,Graphic | Video Editing,RWA6 - Vastral,2026-02-17,L.D. College of Engineering,BBA
GR1939,Pooja Desai,pooja.desai13@example.com,+91 8067458238,Graphic | UI/UX,RWBH1 - Bharuch,2026-02-21,SVNIT,BCA
GR1940,Sneha Patel,sneha.patel91@example.com,+91 6044555858,Full Stack Development,RWA4 - Bopal,2026-02-22,L.D. College of Engineering,B.Sc IT
GR1941,Arjun Verma,arjun.verma34@example.com,+91 7802981321,Graphic | UI/UX,RW8 - Dindoli,2026-02-13,Marwadi University,BCA
GR1942,Diya Gupta,diya.gupta32@example.com,+91 7358917211,Graphic | Video Editing,RWA5 - Chandkheda,2026-02-18,Silver Oak University,BBA
GR1943,Krishna Shah,krishna.shah23@example.com,+91 6073439402,AI/ML & Data Science,RWA4 - Bopal,2026-02-26,Gujarat University,MCA
GR1944,Diya Patel,diya.patel30@example.com,+91 7528790652,Graphic | UI/UX,RWVN1 - Vidhyanagar,2026-02-12,SVNIT,BBA
GR1945,Neha Rathod,neha.rathod74@example.com,+91 9559640749,Video Editing | 3D Animation,RWR1 - Kotecha,2026-02-02,SVNIT,B.Com
GR1946,Kriti Singh,kriti.singh32@example.com,+91 7141919915,Graphic | Video Editing,RWA4 - Bopal,2026-02-05,Silver Oak University,Diploma in IT
GR1947,Aditya Patel,aditya.patel52@example.com,+91 7050523428,Graphic | Video Editing,RW7 - Vesu,2026-02-09,DDU,BCA
GR1948,Shaurya Kumar,shaurya.kumar18@example.com,+91 8207430988,Graphic | UI/UX,RWVN1 - Vidhyanagar,2026-02-24,Silver Oak University,B.Com
GR1949,Kavya Mehta,kavya.mehta21@example.com,+91 8445011373,Graphic | Video Editing,RW4 - Mota Varachha,2026-02-08,Silver Oak University,MCA
GR1950,Vihaan Chauhan,vihaan.chauhan64@example.com,+91 8467892749,Full Stack Development,RWVN1 - Vidhyanagar,2026-02-09,Gujarat University,B.Sc IT
GR1951,Suresh Mehta,suresh.mehta64@example.com,+91 6293810586,Graphic | Video Editing,RWGN1 - Gandhinagar,2026-02-15,MSU Baroda,MCA
GR1952,Neha Parmar,neha.parmar14@example.com,+91 8038399194,Graphic | UI/UX,RWR2 - Mavdi,2026-02-15,L.D. College of Engineering,B.Tech Computer Science
GR1953,Isha Rathod,isha.rathod92@example.com,+91 7061914665,AI/ML & Data Science,RWA4 - Bopal,2026-02-09,VNSGU,B.Tech Computer Science
GR1954,Krishna Singh,krishna.singh59@example.com,+91 7907409668,Graphic | Video Editing,RWSON - Online,2026-02-09,DDU,BCA
GR1955,Diya Sharma,diya.sharma81@example.com,+91 8984072903,Full Stack Development,RWBH1 - Bharuch,2026-02-22,Silver Oak University,M.Sc IT
GR1956,Maya Patel,maya.patel19@example.com,+91 8660998862,Graphic | UI/UX,RWAM1 - Amreli,2026-02-09,DDU,M.Sc IT
GR1957,Isha Vyas,isha.vyas59@example.com,+91 6867873881,Graphic | Video Editing,RWA3 - Maninagar,2026-02-19,Nirma University,BBA
GR1958,Kavya Mehta,kavya.mehta54@example.com,+91 7900464411,AI/ML & Data Science,RWVN1 - Vidhyanagar,2026-02-11,Nirma University,B.Tech Computer Science
GR1959,Sneha Vyas,sneha.vyas92@example.com,+91 8533013516,AI/ML & Data Science,RWR1 - Kotecha,2026-02-18,Gujarat University,BCA
GR1960,Suresh Parmar,suresh.parmar19@example.com,+91 6377895571,Full Stack Development,RW5 - Ved Road,2026-02-10,MSU Baroda,Diploma in IT
GR1961,Ayaan Trivedi,ayaan.trivedi78@example.com,+91 9232076705,Graphic | Video Editing,RWA3 - Maninagar,2026-02-09,Marwadi University,B.Sc IT
GR1962,Amit Desai,amit.desai69@example.com,+91 7343316238,Full Stack Development,RWA6 - Vastral,2026-02-03,Nirma University,B.Com
GR1963,Sai Joshi,sai.joshi76@example.com,+91 9789214227,Video Editing | 3D Animation,RWBH1 - Bharuch,2026-02-12,Nirma University,B.Sc IT
GR1964,Tara Singh,tara.singh45@example.com,+91 9941548792,Graphic | UI/UX,RW2 - Yogi Chowk,2026-02-03,Nirma University,Diploma in IT
GR1965,Arjun Sharma,arjun.sharma41@example.com,+91 8553529165,Graphic | UI/UX,RWA1 - Nikol,2026-02-15,MSU Baroda,B.Tech Computer Science
GR1966,Shaurya Vyas,shaurya.vyas90@example.com,+91 6679939827,Full Stack Development,RWVN1 - Vidhyanagar,2026-02-07,Marwadi University,B.Sc IT
GR1967,Aditya Parmar,aditya.parmar61@example.com,+91 9765944671,Video Editing | 3D Animation,RW2 - Yogi Chowk,2026-02-22,SVNIT,BBA
GR1968,Vivaan Parmar,vivaan.parmar87@example.com,+91 7991044806,Graphic | Video Editing,RWA2 - Navrangpura,2026-02-16,SVNIT,Diploma in IT
GR1969,Vihaan Rathod,vihaan.rathod52@example.com,+91 9698330910,Graphic | Video Editing,RWR1 - Kotecha,2026-02-04,Gujarat University,B.Sc IT
GR1970,Pooja Mehta,pooja.mehta34@example.com,+91 9679445636,Video Editing | 3D Animation,RWR1 - Kotecha,2026-02-07,MSU Baroda,Diploma in IT
GR1971,Tara Chauhan,tara.chauhan71@example.com,+91 8872858450,Graphic | Video Editing,RW2 - Yogi Chowk,2026-02-23,DDU,B.Tech Computer Science
GR1972,Sneha Sharma,sneha.sharma84@example.com,+91 6230956518,Video Editing | 3D Animation,RW1 - A.K Road,2026-02-13,SVNIT,B.Tech Computer Science
GR1973,Riya Verma,riya.verma65@example.com,+91 9881274886,Graphic | Video Editing,RW6 - Adajan,2026-02-26,Marwadi University,BBA
GR1974,Aarav Sharma,aarav.sharma86@example.com,+91 8967201546,Graphic | Video Editing,RWJN1 - Junagadh,2026-02-25,Silver Oak University,BBA
GR1975,Tara Patel,tara.patel81@example.com,+91 7372537157,Graphic | UI/UX,RWA2 - Navrangpura,2026-02-25,Silver Oak University,MCA
GR1976,Krishna Mehta,krishna.mehta58@example.com,+91 9300916783,Video Editing | 3D Animation,RWSON - Online,2026-02-18,L.D. College of Engineering,B.Com
GR1977,Kriti Verma,kriti.verma45@example.com,+91 8433994328,Full Stack Development,RWA2 - Navrangpura,2026-02-23,MSU Baroda,B.Com
GR1978,Isha Desai,isha.desai68@example.com,+91 8141588868,AI/ML & Data Science,RWA5 - Chandkheda,2026-02-07,DDU,B.Tech Computer Science
GR1979,Sai Mehta,sai.mehta35@example.com,+91 9053350051,Graphic | Video Editing,RW8 - Dindoli,2026-02-12,Marwadi University,BCA
GR1980,Ishaan Mehta,ishaan.mehta79@example.com,+91 6365831902,Graphic | Video Editing,RWMH - Maheshana,2026-02-25,SVNIT,Diploma in IT
GR1981,Kriti Chauhan,kriti.chauhan26@example.com,+91 6480018707,Video Editing | 3D Animation,RW8 - Dindoli,2026-02-16,Marwadi University,B.Com
GR1982,Suresh Trivedi,suresh.trivedi90@example.com,+91 8240516681,Graphic | UI/UX,RWA2 - Navrangpura,2026-02-18,Gujarat University,M.Sc IT
GR1983,Vikram Rathod,vikram.rathod47@example.com,+91 8020340290,Video Editing | 3D Animation,RWR1 - Kotecha,2026-02-19,MSU Baroda,BCA
GR1984,Riya Trivedi,riya.trivedi60@example.com,+91 7463588209,Graphic | UI/UX,RW2 - Yogi Chowk,2026-02-06,Nirma University,B.Sc IT
GR1985,Tara Verma,tara.verma55@example.com,+91 7493453931,Video Editing | 3D Animation,RWA3 - Maninagar,2026-02-07,DDU,B.Tech Computer Science
GR1986,Vivaan Rathod,vivaan.rathod43@example.com,+91 8925043994,Graphic | Video Editing,RWR2 - Mavdi,2026-02-14,SVNIT,BCA
GR1987,Maya Sharma,maya.sharma20@example.com,+91 6830892356,Video Editing | 3D Animation,RWR2 - Mavdi,2026-02-20,L.D. College of Engineering,MCA
GR1988,Isha Trivedi,isha.trivedi23@example.com,+91 9209477067,AI/ML & Data Science,RWR2 - Mavdi,2026-02-03,MSU Baroda,B.Sc IT
GR1989,Sai Kumar,sai.kumar52@example.com,+91 7452138949,Video Editing | 3D Animation,RW8 - Dindoli,2026-02-21,Nirma University,BCA
GR1990,Riya Verma,riya.verma80@example.com,+91 7771962176,Graphic | UI/UX,RWJN1 - Junagadh,2026-02-10,SVNIT,M.Sc IT
GR1991,Vikram Trivedi,vikram.trivedi10@example.com,+91 8669438598,Graphic | Video Editing,RW5 - Ved Road,2026-02-04,DDU,B.Tech Computer Science
GR1992,Rahul Gupta,rahul.gupta91@example.com,+91 7897566374,AI/ML & Data Science,RW2 - Yogi Chowk,2026-02-10,Nirma University,Diploma in IT
GR1993,Isha Mehta,isha.mehta45@example.com,+91 8808573061,Full Stack Development,RWR1 - Kotecha,2026-02-07,Gujarat University,Diploma in IT
GR1994,Riya Joshi,riya.joshi47@example.com,+91 6996552662,AI/ML & Data Science,RWAM1 - Amreli,2026-02-24,Marwadi University,MCA
GR1995,Sneha Shah,sneha.shah87@example.com,+91 6430156659,AI/ML & Data Science,RWNV1 - Navshari,2026-02-28,Nirma University,Diploma in IT
GR1996,Isha Shah,isha.shah41@example.com,+91 6909691025,Video Editing | 3D Animation,RWA1 - Nikol,2026-02-23,MSU Baroda,B.Sc IT
GR1997,Maya Trivedi,maya.trivedi79@example.com,+91 6745049640,Full Stack Development,RWA6 - Vastral,2026-02-15,VNSGU,Diploma in IT
GR1998,Rahul Shah,rahul.shah41@example.com,+91 6142283310,Graphic | UI/UX,RWGN1 - Gandhinagar,2026-02-13,Marwadi University,BCA
GR1999,Neha Kumar,neha.kumar92@example.com,+91 8700790777,Graphic | Video Editing,RWA1 - Nikol,2026-02-05,SVNIT,BCA
GR2000,Diya Desai,diya.desai91@example.com,+91 8290231077,Graphic | UI/UX,RW2 - Yogi Chowk,2026-02-08,Marwadi University,M.Sc IT
